-- phpMyAdmin SQL Dump
-- version 4.7.4
-- https://www.phpmyadmin.net/
--
-- Host: 127.0.0.1
-- Generation Time: Mar 13, 2018 at 04:55 AM
-- Server version: 10.1.28-MariaDB
-- PHP Version: 7.1.11

SET SQL_MODE = "NO_AUTO_VALUE_ON_ZERO";
SET AUTOCOMMIT = 0;
START TRANSACTION;
SET time_zone = "+00:00";


/*!40101 SET @OLD_CHARACTER_SET_CLIENT=@@CHARACTER_SET_CLIENT */;
/*!40101 SET @OLD_CHARACTER_SET_RESULTS=@@CHARACTER_SET_RESULTS */;
/*!40101 SET @OLD_COLLATION_CONNECTION=@@COLLATION_CONNECTION */;
/*!40101 SET NAMES utf8mb4 */;

--
-- Database: `kvkpayroll`
--

-- --------------------------------------------------------

--
-- Table structure for table `advances`
--

CREATE TABLE `advances` (
  `id` int(10) UNSIGNED NOT NULL,
  `salary_month_id` int(11) NOT NULL,
  `employee_id` int(11) NOT NULL,
  `advance_amount` decimal(10,2) NOT NULL,
  `created_at` timestamp NULL DEFAULT NULL,
  `updated_at` timestamp NULL DEFAULT NULL
) ENGINE=InnoDB DEFAULT CHARSET=utf8mb4 COLLATE=utf8mb4_unicode_ci;

--
-- Dumping data for table `advances`
--

INSERT INTO `advances` (`id`, `salary_month_id`, `employee_id`, `advance_amount`, `created_at`, `updated_at`) VALUES
(2, 28, 1, '2000.00', '2018-02-15 13:34:12', '2018-02-15 14:09:50'),
(3, 28, 3, '5000.00', '2018-02-19 02:58:57', '2018-02-19 02:58:57'),
(4, 28, 3, '6000.00', '2018-02-19 02:59:14', '2018-02-19 02:59:14'),
(5, 28, 3, '7000.00', '2018-02-19 02:59:27', '2018-02-19 02:59:27'),
(6, 30, 1, '5000.00', '2018-02-24 03:03:01', '2018-02-24 03:03:01'),
(7, 28, 1, '4500.00', '2018-03-04 22:44:07', '2018-03-04 22:44:07'),
(8, 28, 1, '3000.00', '2018-03-05 04:18:21', '2018-03-05 04:18:21');

-- --------------------------------------------------------

--
-- Table structure for table `attendances`
--

CREATE TABLE `attendances` (
  `id` int(10) UNSIGNED NOT NULL,
  `working_day_id` int(11) NOT NULL,
  `employee_id` int(11) NOT NULL,
  `date` date NOT NULL,
  `time` time NOT NULL,
  `created_at` timestamp NULL DEFAULT NULL,
  `updated_at` timestamp NULL DEFAULT NULL
) ENGINE=InnoDB DEFAULT CHARSET=utf8mb4 COLLATE=utf8mb4_unicode_ci;

--
-- Dumping data for table `attendances`
--

INSERT INTO `attendances` (`id`, `working_day_id`, `employee_id`, `date`, `time`, `created_at`, `updated_at`) VALUES
(1, 2, 3, '2018-01-02', '08:06:00', '2018-02-13 00:13:00', '2018-02-13 00:13:00'),
(2, 2, 3, '2018-01-02', '19:37:00', '2018-02-13 00:13:00', '2018-02-13 00:13:00'),
(3, 3, 3, '2018-01-03', '08:01:00', '2018-02-13 00:13:00', '2018-02-13 00:13:00'),
(4, 3, 3, '2018-01-03', '20:06:00', '2018-02-13 00:13:00', '2018-02-13 00:13:00'),
(5, 4, 3, '2018-01-04', '08:01:00', '2018-02-13 00:13:00', '2018-02-13 00:13:00'),
(6, 4, 3, '2018-01-04', '19:36:00', '2018-02-13 00:13:00', '2018-02-13 00:13:00'),
(7, 5, 3, '2018-01-05', '07:47:00', '2018-02-13 00:13:00', '2018-02-13 00:13:00'),
(8, 5, 3, '2018-01-05', '19:59:00', '2018-02-13 00:13:00', '2018-02-13 00:13:00'),
(9, 6, 3, '2018-01-06', '07:45:00', '2018-02-13 00:13:00', '2018-02-13 00:13:00'),
(10, 6, 3, '2018-01-06', '19:35:00', '2018-02-13 00:13:01', '2018-02-13 00:13:01'),
(11, 7, 3, '2018-01-07', '08:08:00', '2018-02-13 00:13:01', '2018-02-13 00:13:01'),
(12, 7, 3, '2018-01-07', '19:35:00', '2018-02-13 00:13:01', '2018-02-13 00:13:01'),
(13, 8, 3, '2018-01-08', '08:02:00', '2018-02-13 00:13:01', '2018-02-13 00:13:01'),
(14, 8, 3, '2018-01-08', '19:30:00', '2018-02-13 00:13:01', '2018-02-13 00:13:01'),
(15, 9, 3, '2018-01-09', '08:11:00', '2018-02-13 00:13:01', '2018-02-13 00:13:01'),
(16, 9, 3, '2018-01-09', '19:38:00', '2018-02-13 00:13:01', '2018-02-13 00:13:01'),
(17, 10, 3, '2018-01-10', '08:02:00', '2018-02-13 00:13:01', '2018-02-13 00:13:01'),
(18, 10, 3, '2018-01-10', '19:32:00', '2018-02-13 00:13:01', '2018-02-13 00:13:01'),
(19, 11, 3, '2018-01-11', '07:51:00', '2018-02-13 00:13:01', '2018-02-13 00:13:01'),
(20, 11, 3, '2018-01-11', '19:39:00', '2018-02-13 00:13:01', '2018-02-13 00:13:01'),
(21, 12, 3, '2018-01-12', '07:57:00', '2018-02-13 00:13:01', '2018-02-13 00:13:01'),
(22, 12, 3, '2018-01-12', '19:31:00', '2018-02-13 00:13:01', '2018-02-13 00:13:01'),
(23, 13, 3, '2018-01-13', '07:59:00', '2018-02-13 00:13:01', '2018-02-13 00:13:01'),
(24, 13, 3, '2018-01-13', '19:31:00', '2018-02-13 00:13:01', '2018-02-13 00:13:01'),
(25, 14, 3, '2018-01-14', '07:48:00', '2018-02-13 00:13:02', '2018-02-13 00:13:02'),
(26, 14, 3, '2018-01-14', '19:29:00', '2018-02-13 00:13:02', '2018-02-13 00:13:02'),
(27, 15, 3, '2018-01-15', '08:01:00', '2018-02-13 00:13:02', '2018-02-13 00:13:02'),
(28, 15, 3, '2018-01-15', '19:43:00', '2018-02-13 00:13:02', '2018-02-13 00:13:02'),
(29, 16, 3, '2018-01-16', '07:59:00', '2018-02-13 00:13:02', '2018-02-13 00:13:02'),
(30, 16, 3, '2018-01-16', '19:36:00', '2018-02-13 00:13:02', '2018-02-13 00:13:02'),
(31, 18, 3, '2018-01-18', '07:59:00', '2018-02-13 00:13:02', '2018-02-13 00:13:02'),
(32, 19, 3, '2018-01-19', '08:01:00', '2018-02-13 00:13:02', '2018-02-13 00:13:02'),
(33, 19, 3, '2018-01-19', '19:44:00', '2018-02-13 00:13:02', '2018-02-13 00:13:02'),
(34, 20, 3, '2018-01-20', '08:09:00', '2018-02-13 00:13:02', '2018-02-13 00:13:02'),
(35, 20, 3, '2018-01-20', '19:35:00', '2018-02-13 00:13:02', '2018-02-13 00:13:02'),
(36, 21, 3, '2018-01-21', '07:56:00', '2018-02-13 00:13:02', '2018-02-13 00:13:02'),
(37, 21, 3, '2018-01-21', '19:32:00', '2018-02-13 00:13:02', '2018-02-13 00:13:02'),
(38, 22, 3, '2018-01-22', '07:47:00', '2018-02-13 00:13:02', '2018-02-13 00:13:02'),
(39, 22, 3, '2018-01-22', '19:27:00', '2018-02-13 00:13:02', '2018-02-13 00:13:02'),
(40, 23, 3, '2018-01-23', '07:58:00', '2018-02-13 00:13:02', '2018-02-13 00:13:02'),
(41, 23, 3, '2018-01-23', '19:45:00', '2018-02-13 00:13:02', '2018-02-13 00:13:02'),
(42, 24, 3, '2018-01-24', '08:04:00', '2018-02-13 00:13:02', '2018-02-13 00:13:02'),
(43, 24, 3, '2018-01-24', '19:35:00', '2018-02-13 00:13:02', '2018-02-13 00:13:02'),
(44, 25, 3, '2018-01-25', '07:58:00', '2018-02-13 00:13:03', '2018-02-13 00:13:03'),
(45, 25, 3, '2018-01-25', '19:29:00', '2018-02-13 00:13:03', '2018-02-13 00:13:03'),
(46, 26, 3, '2018-01-26', '08:08:00', '2018-02-13 00:13:03', '2018-02-13 00:13:03'),
(47, 26, 3, '2018-01-26', '19:30:00', '2018-02-13 00:13:03', '2018-02-13 00:13:03'),
(48, 30, 3, '2018-01-30', '08:07:00', '2018-02-13 00:13:03', '2018-02-13 00:13:03'),
(49, 30, 3, '2018-01-30', '19:00:00', '2018-02-13 00:13:03', '2018-02-13 00:13:03'),
(50, 1, 1, '2018-01-01', '08:09:00', '2018-02-13 03:15:38', '2018-02-13 03:15:38'),
(51, 1, 1, '2018-01-01', '09:00:00', '2018-02-13 03:15:38', '2018-02-13 03:15:38'),
(52, 2, 1, '2018-01-02', '07:20:00', '2018-02-13 03:15:38', '2018-02-13 03:15:38'),
(53, 2, 1, '2018-01-02', '21:08:00', '2018-02-13 03:15:38', '2018-02-13 03:15:38'),
(54, 3, 1, '2018-01-03', '07:53:00', '2018-02-13 03:15:39', '2018-02-13 03:15:39'),
(55, 3, 1, '2018-01-03', '20:36:00', '2018-02-13 03:15:39', '2018-02-13 03:15:39'),
(56, 4, 1, '2018-01-04', '08:08:00', '2018-02-13 03:15:39', '2018-02-13 03:15:39'),
(57, 4, 1, '2018-01-04', '22:17:00', '2018-02-13 03:15:39', '2018-02-13 03:15:39'),
(58, 6, 1, '2018-01-06', '07:42:00', '2018-02-13 03:15:39', '2018-02-13 03:15:39'),
(59, 6, 1, '2018-01-06', '21:05:00', '2018-02-13 03:15:39', '2018-02-13 03:15:39'),
(60, 7, 1, '2018-01-07', '07:44:00', '2018-02-13 03:15:39', '2018-02-13 03:15:39'),
(61, 7, 1, '2018-01-07', '21:00:00', '2018-02-13 03:15:39', '2018-02-13 03:15:39'),
(62, 9, 1, '2018-01-09', '07:49:00', '2018-02-13 03:15:39', '2018-02-13 03:15:39'),
(63, 9, 1, '2018-01-09', '21:48:00', '2018-02-13 03:15:39', '2018-02-13 03:15:39'),
(64, 10, 1, '2018-01-10', '07:30:00', '2018-02-13 03:15:39', '2018-02-13 03:15:39'),
(65, 10, 1, '2018-01-10', '22:20:00', '2018-02-13 03:15:39', '2018-02-13 03:15:39'),
(66, 11, 1, '2018-01-11', '07:47:00', '2018-02-13 03:15:39', '2018-02-13 03:15:39'),
(67, 11, 1, '2018-01-11', '21:29:00', '2018-02-13 03:15:39', '2018-02-13 03:15:39'),
(68, 12, 1, '2018-01-12', '07:36:00', '2018-02-13 03:15:39', '2018-02-13 03:15:39'),
(69, 12, 1, '2018-01-12', '09:46:00', '2018-02-13 03:15:39', '2018-02-13 03:15:39'),
(70, 14, 1, '2018-01-14', '08:20:00', '2018-02-13 03:15:39', '2018-02-13 03:15:39'),
(71, 14, 1, '2018-01-14', '21:00:00', '2018-02-13 03:15:39', '2018-02-13 03:15:39'),
(72, 15, 1, '2018-01-15', '08:20:00', '2018-02-13 03:15:40', '2018-02-13 03:15:40'),
(73, 15, 1, '2018-01-15', '19:57:00', '2018-02-13 03:15:40', '2018-02-13 03:15:40'),
(74, 16, 1, '2018-01-16', '07:23:00', '2018-02-13 03:15:40', '2018-02-13 03:15:40'),
(75, 16, 1, '2018-01-16', '20:32:00', '2018-02-13 03:15:40', '2018-02-13 03:15:40'),
(76, 16, 1, '2018-01-16', '22:03:00', '2018-02-13 03:15:40', '2018-02-13 03:15:40'),
(77, 17, 1, '2018-01-17', '08:32:00', '2018-02-13 03:15:40', '2018-02-13 03:15:40'),
(78, 17, 1, '2018-01-17', '21:00:00', '2018-02-13 03:15:40', '2018-02-13 03:15:40'),
(79, 18, 1, '2018-01-18', '07:32:00', '2018-02-13 03:15:40', '2018-02-13 03:15:40'),
(80, 19, 1, '2018-01-19', '07:48:00', '2018-02-13 03:15:40', '2018-02-13 03:15:40'),
(81, 20, 1, '2018-01-20', '08:34:00', '2018-02-13 03:15:40', '2018-02-13 03:15:40'),
(82, 20, 1, '2018-01-20', '21:20:00', '2018-02-13 03:15:40', '2018-02-13 03:15:40'),
(83, 21, 1, '2018-01-21', '08:32:00', '2018-02-13 03:15:40', '2018-02-13 03:15:40'),
(84, 21, 1, '2018-01-21', '21:21:00', '2018-02-13 03:15:40', '2018-02-13 03:15:40'),
(85, 25, 1, '2018-01-25', '07:41:00', '2018-02-13 03:15:40', '2018-02-13 03:15:40'),
(86, 25, 1, '2018-01-25', '20:32:00', '2018-02-13 03:15:40', '2018-02-13 03:15:40'),
(87, 26, 1, '2018-01-26', '07:50:00', '2018-02-13 03:15:40', '2018-02-13 03:15:40'),
(88, 26, 1, '2018-01-26', '21:51:00', '2018-02-13 03:15:40', '2018-02-13 03:15:40'),
(89, 27, 1, '2018-01-27', '07:58:00', '2018-02-13 03:15:40', '2018-02-13 03:15:40'),
(90, 30, 1, '2018-01-30', '21:15:00', '2018-02-13 03:15:41', '2018-02-13 03:15:41'),
(91, 1, 2, '2018-01-01', '00:00:00', '2018-02-13 03:15:41', '2018-02-13 03:15:41'),
(92, 1, 2, '2018-01-01', '01:03:00', '2018-02-13 03:15:41', '2018-02-13 03:15:41'),
(93, 1, 2, '2018-01-01', '02:08:00', '2018-02-13 03:15:41', '2018-02-13 03:15:41'),
(94, 1, 2, '2018-01-01', '02:45:00', '2018-02-13 03:15:41', '2018-02-13 03:15:41'),
(95, 1, 2, '2018-01-01', '03:15:00', '2018-02-13 03:15:41', '2018-02-13 03:15:41'),
(96, 1, 2, '2018-01-01', '03:53:00', '2018-02-13 03:15:41', '2018-02-13 03:15:41'),
(97, 1, 2, '2018-01-01', '05:01:00', '2018-02-13 03:15:41', '2018-02-13 03:15:41'),
(98, 1, 2, '2018-01-01', '05:39:00', '2018-02-13 03:15:41', '2018-02-13 03:15:41'),
(99, 1, 2, '2018-01-01', '06:05:00', '2018-02-13 03:15:41', '2018-02-13 03:15:41'),
(100, 1, 2, '2018-01-01', '07:01:00', '2018-02-13 03:15:41', '2018-02-13 03:15:41'),
(101, 1, 2, '2018-01-01', '07:47:00', '2018-02-13 03:15:41', '2018-02-13 03:15:41'),
(102, 1, 2, '2018-01-01', '17:41:00', '2018-02-13 03:15:42', '2018-02-13 03:15:42'),
(103, 1, 2, '2018-01-01', '18:06:00', '2018-02-13 03:15:42', '2018-02-13 03:15:42'),
(104, 1, 2, '2018-01-01', '19:24:00', '2018-02-13 03:15:42', '2018-02-13 03:15:42'),
(105, 1, 2, '2018-01-01', '19:57:00', '2018-02-13 03:15:42', '2018-02-13 03:15:42'),
(106, 1, 2, '2018-01-01', '21:22:00', '2018-02-13 03:15:42', '2018-02-13 03:15:42'),
(107, 1, 2, '2018-01-01', '22:14:00', '2018-02-13 03:15:42', '2018-02-13 03:15:42'),
(108, 1, 2, '2018-01-01', '22:39:00', '2018-02-13 03:15:42', '2018-02-13 03:15:42'),
(109, 1, 2, '2018-01-01', '23:20:00', '2018-02-13 03:15:42', '2018-02-13 03:15:42'),
(110, 1, 2, '2018-01-01', '23:43:00', '2018-02-13 03:15:42', '2018-02-13 03:15:42'),
(111, 2, 2, '2018-01-02', '00:35:00', '2018-02-13 03:15:42', '2018-02-13 03:15:42'),
(112, 2, 2, '2018-01-02', '01:21:00', '2018-02-13 03:15:42', '2018-02-13 03:15:42'),
(113, 2, 2, '2018-01-02', '03:59:00', '2018-02-13 03:15:42', '2018-02-13 03:15:42'),
(114, 2, 2, '2018-01-02', '04:22:00', '2018-02-13 03:15:42', '2018-02-13 03:15:42'),
(115, 2, 2, '2018-01-02', '05:07:00', '2018-02-13 03:15:42', '2018-02-13 03:15:42'),
(116, 2, 2, '2018-01-02', '06:03:00', '2018-02-13 03:15:43', '2018-02-13 03:15:43'),
(117, 2, 2, '2018-01-02', '06:55:00', '2018-02-13 03:15:43', '2018-02-13 03:15:43'),
(118, 2, 2, '2018-01-02', '18:07:00', '2018-02-13 03:15:43', '2018-02-13 03:15:43'),
(119, 2, 2, '2018-01-02', '18:47:00', '2018-02-13 03:15:43', '2018-02-13 03:15:43'),
(120, 2, 2, '2018-01-02', '18:57:00', '2018-02-13 03:15:43', '2018-02-13 03:15:43'),
(121, 2, 2, '2018-01-02', '19:58:00', '2018-02-13 03:15:43', '2018-02-13 03:15:43'),
(122, 2, 2, '2018-01-02', '20:14:00', '2018-02-13 03:15:44', '2018-02-13 03:15:44'),
(123, 2, 2, '2018-01-02', '20:49:00', '2018-02-13 03:15:44', '2018-02-13 03:15:44'),
(124, 2, 2, '2018-01-02', '21:09:00', '2018-02-13 03:15:44', '2018-02-13 03:15:44'),
(125, 2, 2, '2018-01-02', '21:30:00', '2018-02-13 03:15:44', '2018-02-13 03:15:44'),
(126, 2, 2, '2018-01-02', '22:11:00', '2018-02-13 03:15:44', '2018-02-13 03:15:44'),
(127, 2, 2, '2018-01-02', '22:45:00', '2018-02-13 03:15:44', '2018-02-13 03:15:44'),
(128, 3, 2, '2018-01-03', '00:27:00', '2018-02-13 03:15:44', '2018-02-13 03:15:44'),
(129, 3, 2, '2018-01-03', '01:52:00', '2018-02-13 03:15:44', '2018-02-13 03:15:44'),
(130, 3, 2, '2018-01-03', '03:29:00', '2018-02-13 03:15:45', '2018-02-13 03:15:45'),
(131, 3, 2, '2018-01-03', '03:57:00', '2018-02-13 03:15:45', '2018-02-13 03:15:45'),
(132, 3, 2, '2018-01-03', '06:19:00', '2018-02-13 03:15:45', '2018-02-13 03:15:45'),
(133, 3, 2, '2018-01-03', '07:29:00', '2018-02-13 03:15:45', '2018-02-13 03:15:45'),
(134, 3, 2, '2018-01-03', '07:35:00', '2018-02-13 03:15:45', '2018-02-13 03:15:45'),
(135, 3, 2, '2018-01-03', '19:15:00', '2018-02-13 03:15:45', '2018-02-13 03:15:45'),
(136, 3, 2, '2018-01-03', '19:52:00', '2018-02-13 03:15:45', '2018-02-13 03:15:45'),
(137, 3, 2, '2018-01-03', '21:44:00', '2018-02-13 03:15:45', '2018-02-13 03:15:45'),
(138, 3, 2, '2018-01-03', '22:55:00', '2018-02-13 03:15:45', '2018-02-13 03:15:45'),
(139, 3, 2, '2018-01-03', '23:35:00', '2018-02-13 03:15:45', '2018-02-13 03:15:45'),
(140, 4, 2, '2018-01-04', '01:10:00', '2018-02-13 03:15:45', '2018-02-13 03:15:45'),
(141, 4, 2, '2018-01-04', '02:51:00', '2018-02-13 03:15:45', '2018-02-13 03:15:45'),
(142, 4, 2, '2018-01-04', '05:01:00', '2018-02-13 03:15:45', '2018-02-13 03:15:45'),
(143, 4, 2, '2018-01-04', '06:02:00', '2018-02-13 03:15:45', '2018-02-13 03:15:45'),
(144, 4, 2, '2018-01-04', '06:48:00', '2018-02-13 03:15:46', '2018-02-13 03:15:46'),
(145, 4, 2, '2018-01-04', '07:04:00', '2018-02-13 03:15:46', '2018-02-13 03:15:46'),
(146, 4, 2, '2018-01-04', '07:41:00', '2018-02-13 03:15:46', '2018-02-13 03:15:46'),
(147, 4, 2, '2018-01-04', '18:19:00', '2018-02-13 03:15:46', '2018-02-13 03:15:46'),
(148, 4, 2, '2018-01-04', '19:55:00', '2018-02-13 03:15:46', '2018-02-13 03:15:46'),
(149, 4, 2, '2018-01-04', '21:28:00', '2018-02-13 03:15:46', '2018-02-13 03:15:46'),
(150, 4, 2, '2018-01-04', '21:41:00', '2018-02-13 03:15:46', '2018-02-13 03:15:46'),
(151, 4, 2, '2018-01-04', '21:56:00', '2018-02-13 03:15:46', '2018-02-13 03:15:46'),
(152, 4, 2, '2018-01-04', '22:29:00', '2018-02-13 03:15:46', '2018-02-13 03:15:46'),
(153, 4, 2, '2018-01-04', '23:47:00', '2018-02-13 03:15:46', '2018-02-13 03:15:46'),
(154, 4, 2, '2018-01-04', '23:59:00', '2018-02-13 03:15:46', '2018-02-13 03:15:46'),
(155, 5, 2, '2018-01-05', '01:18:00', '2018-02-13 03:15:46', '2018-02-13 03:15:46'),
(156, 5, 2, '2018-01-05', '01:53:00', '2018-02-13 03:15:46', '2018-02-13 03:15:46'),
(157, 5, 2, '2018-01-05', '03:28:00', '2018-02-13 03:15:46', '2018-02-13 03:15:46'),
(158, 5, 2, '2018-01-05', '04:42:00', '2018-02-13 03:15:47', '2018-02-13 03:15:47'),
(159, 5, 2, '2018-01-05', '05:06:00', '2018-02-13 03:15:47', '2018-02-13 03:15:47'),
(160, 5, 2, '2018-01-05', '05:24:00', '2018-02-13 03:15:47', '2018-02-13 03:15:47'),
(161, 5, 2, '2018-01-05', '07:08:00', '2018-02-13 03:15:47', '2018-02-13 03:15:47'),
(162, 5, 2, '2018-01-05', '07:41:00', '2018-02-13 03:15:47', '2018-02-13 03:15:47'),
(163, 5, 2, '2018-01-05', '17:57:00', '2018-02-13 03:15:47', '2018-02-13 03:15:47'),
(164, 5, 2, '2018-01-05', '19:26:00', '2018-02-13 03:15:47', '2018-02-13 03:15:47'),
(165, 5, 2, '2018-01-05', '22:23:00', '2018-02-13 03:15:47', '2018-02-13 03:15:47'),
(166, 5, 2, '2018-01-05', '23:42:00', '2018-02-13 03:15:47', '2018-02-13 03:15:47'),
(167, 6, 2, '2018-01-06', '00:45:00', '2018-02-13 03:15:47', '2018-02-13 03:15:47'),
(168, 6, 2, '2018-01-06', '01:36:00', '2018-02-13 03:15:47', '2018-02-13 03:15:47'),
(169, 6, 2, '2018-01-06', '02:59:00', '2018-02-13 03:15:47', '2018-02-13 03:15:47'),
(170, 6, 2, '2018-01-06', '03:54:00', '2018-02-13 03:15:47', '2018-02-13 03:15:47'),
(171, 6, 2, '2018-01-06', '07:22:00', '2018-02-13 03:15:47', '2018-02-13 03:15:47'),
(172, 6, 2, '2018-01-06', '08:01:00', '2018-02-13 03:15:47', '2018-02-13 03:15:47'),
(173, 6, 2, '2018-01-06', '18:01:00', '2018-02-13 03:15:48', '2018-02-13 03:15:48'),
(174, 6, 2, '2018-01-06', '18:33:00', '2018-02-13 03:15:48', '2018-02-13 03:15:48'),
(175, 6, 2, '2018-01-06', '19:47:00', '2018-02-13 03:15:48', '2018-02-13 03:15:48'),
(176, 6, 2, '2018-01-06', '21:05:00', '2018-02-13 03:15:48', '2018-02-13 03:15:48'),
(177, 6, 2, '2018-01-06', '21:30:00', '2018-02-13 03:15:48', '2018-02-13 03:15:48'),
(178, 6, 2, '2018-01-06', '22:11:00', '2018-02-13 03:15:48', '2018-02-13 03:15:48'),
(179, 6, 2, '2018-01-06', '22:19:00', '2018-02-13 03:15:49', '2018-02-13 03:15:49'),
(180, 6, 2, '2018-01-06', '23:32:00', '2018-02-13 03:15:49', '2018-02-13 03:15:49'),
(181, 6, 2, '2018-01-06', '23:46:00', '2018-02-13 03:15:49', '2018-02-13 03:15:49'),
(182, 7, 2, '2018-01-07', '00:49:00', '2018-02-13 03:15:49', '2018-02-13 03:15:49'),
(183, 7, 2, '2018-01-07', '02:08:00', '2018-02-13 03:15:49', '2018-02-13 03:15:49'),
(184, 7, 2, '2018-01-07', '03:51:00', '2018-02-13 03:15:49', '2018-02-13 03:15:49'),
(185, 7, 2, '2018-01-07', '05:12:00', '2018-02-13 03:15:49', '2018-02-13 03:15:49'),
(186, 7, 2, '2018-01-07', '06:20:00', '2018-02-13 03:15:49', '2018-02-13 03:15:49'),
(187, 7, 2, '2018-01-07', '06:53:00', '2018-02-13 03:15:49', '2018-02-13 03:15:49'),
(188, 7, 2, '2018-01-07', '07:51:00', '2018-02-13 03:15:49', '2018-02-13 03:15:49'),
(189, 7, 2, '2018-01-07', '18:37:00', '2018-02-13 03:15:49', '2018-02-13 03:15:49'),
(190, 7, 2, '2018-01-07', '19:09:00', '2018-02-13 03:15:49', '2018-02-13 03:15:49'),
(191, 7, 2, '2018-01-07', '20:13:00', '2018-02-13 03:15:49', '2018-02-13 03:15:49'),
(192, 7, 2, '2018-01-07', '21:09:00', '2018-02-13 03:15:50', '2018-02-13 03:15:50'),
(193, 7, 2, '2018-01-07', '21:57:00', '2018-02-13 03:15:50', '2018-02-13 03:15:50'),
(194, 7, 2, '2018-01-07', '23:10:00', '2018-02-13 03:15:50', '2018-02-13 03:15:50'),
(195, 7, 2, '2018-01-07', '23:31:00', '2018-02-13 03:15:50', '2018-02-13 03:15:50'),
(196, 7, 2, '2018-01-07', '23:54:00', '2018-02-13 03:15:50', '2018-02-13 03:15:50'),
(197, 8, 2, '2018-01-08', '00:39:00', '2018-02-13 03:15:50', '2018-02-13 03:15:50'),
(198, 8, 2, '2018-01-08', '00:49:00', '2018-02-13 03:15:50', '2018-02-13 03:15:50'),
(199, 8, 2, '2018-01-08', '02:38:00', '2018-02-13 03:15:50', '2018-02-13 03:15:50'),
(200, 8, 2, '2018-01-08', '03:21:00', '2018-02-13 03:15:50', '2018-02-13 03:15:50'),
(201, 8, 2, '2018-01-08', '03:51:00', '2018-02-13 03:15:50', '2018-02-13 03:15:50'),
(202, 8, 2, '2018-01-08', '05:25:00', '2018-02-13 03:15:50', '2018-02-13 03:15:50'),
(203, 8, 2, '2018-01-08', '06:01:00', '2018-02-13 03:15:50', '2018-02-13 03:15:50'),
(204, 8, 2, '2018-01-08', '07:03:00', '2018-02-13 03:15:50', '2018-02-13 03:15:50'),
(205, 8, 2, '2018-01-08', '07:42:00', '2018-02-13 03:15:50', '2018-02-13 03:15:50'),
(206, 8, 2, '2018-01-08', '18:04:00', '2018-02-13 03:15:50', '2018-02-13 03:15:50'),
(207, 8, 2, '2018-01-08', '19:15:00', '2018-02-13 03:15:50', '2018-02-13 03:15:50'),
(208, 8, 2, '2018-01-08', '19:56:00', '2018-02-13 03:15:51', '2018-02-13 03:15:51'),
(209, 8, 2, '2018-01-08', '21:05:00', '2018-02-13 03:15:51', '2018-02-13 03:15:51'),
(210, 8, 2, '2018-01-08', '22:17:00', '2018-02-13 03:15:51', '2018-02-13 03:15:51'),
(211, 8, 2, '2018-01-08', '23:11:00', '2018-02-13 03:15:51', '2018-02-13 03:15:51'),
(212, 9, 2, '2018-01-09', '01:08:00', '2018-02-13 03:15:51', '2018-02-13 03:15:51'),
(213, 9, 2, '2018-01-09', '02:39:00', '2018-02-13 03:15:51', '2018-02-13 03:15:51'),
(214, 9, 2, '2018-01-09', '06:12:00', '2018-02-13 03:15:51', '2018-02-13 03:15:51'),
(215, 9, 2, '2018-01-09', '06:44:00', '2018-02-13 03:15:51', '2018-02-13 03:15:51'),
(216, 9, 2, '2018-01-09', '06:57:00', '2018-02-13 03:15:51', '2018-02-13 03:15:51'),
(217, 9, 2, '2018-01-09', '07:49:00', '2018-02-13 03:15:51', '2018-02-13 03:15:51'),
(218, 9, 2, '2018-01-09', '18:00:00', '2018-02-13 03:15:51', '2018-02-13 03:15:51'),
(219, 9, 2, '2018-01-09', '18:42:00', '2018-02-13 03:15:51', '2018-02-13 03:15:51'),
(220, 9, 2, '2018-01-09', '19:02:00', '2018-02-13 03:15:51', '2018-02-13 03:15:51'),
(221, 9, 2, '2018-01-09', '20:11:00', '2018-02-13 03:15:51', '2018-02-13 03:15:51'),
(222, 9, 2, '2018-01-09', '20:54:00', '2018-02-13 03:15:51', '2018-02-13 03:15:51'),
(223, 9, 2, '2018-01-09', '21:35:00', '2018-02-13 03:15:51', '2018-02-13 03:15:51'),
(224, 9, 2, '2018-01-09', '22:18:00', '2018-02-13 03:15:51', '2018-02-13 03:15:51'),
(225, 9, 2, '2018-01-09', '22:53:00', '2018-02-13 03:15:52', '2018-02-13 03:15:52'),
(226, 9, 2, '2018-01-09', '23:10:00', '2018-02-13 03:15:52', '2018-02-13 03:15:52'),
(227, 10, 2, '2018-01-10', '00:06:00', '2018-02-13 03:15:52', '2018-02-13 03:15:52'),
(228, 10, 2, '2018-01-10', '00:23:00', '2018-02-13 03:15:52', '2018-02-13 03:15:52'),
(229, 10, 2, '2018-01-10', '01:06:00', '2018-02-13 03:15:52', '2018-02-13 03:15:52'),
(230, 10, 2, '2018-01-10', '02:00:00', '2018-02-13 03:15:52', '2018-02-13 03:15:52'),
(231, 10, 2, '2018-01-10', '02:44:00', '2018-02-13 03:15:52', '2018-02-13 03:15:52'),
(232, 10, 2, '2018-01-10', '03:53:00', '2018-02-13 03:15:52', '2018-02-13 03:15:52'),
(233, 10, 2, '2018-01-10', '04:55:00', '2018-02-13 03:15:52', '2018-02-13 03:15:52'),
(234, 10, 2, '2018-01-10', '06:00:00', '2018-02-13 03:15:52', '2018-02-13 03:15:52'),
(235, 12, 2, '2018-01-12', '17:57:00', '2018-02-13 03:15:53', '2018-02-13 03:15:53'),
(236, 12, 2, '2018-01-12', '19:50:00', '2018-02-13 03:15:53', '2018-02-13 03:15:53'),
(237, 12, 2, '2018-01-12', '21:24:00', '2018-02-13 03:15:53', '2018-02-13 03:15:53'),
(238, 12, 2, '2018-01-12', '22:01:00', '2018-02-13 03:15:53', '2018-02-13 03:15:53'),
(239, 12, 2, '2018-01-12', '23:02:00', '2018-02-13 03:15:53', '2018-02-13 03:15:53'),
(240, 12, 2, '2018-01-12', '23:43:00', '2018-02-13 03:15:53', '2018-02-13 03:15:53'),
(241, 13, 2, '2018-01-13', '01:04:00', '2018-02-13 03:15:53', '2018-02-13 03:15:53'),
(242, 13, 2, '2018-01-13', '02:27:00', '2018-02-13 03:15:53', '2018-02-13 03:15:53'),
(243, 13, 2, '2018-01-13', '02:58:00', '2018-02-13 03:15:53', '2018-02-13 03:15:53'),
(244, 13, 2, '2018-01-13', '04:10:00', '2018-02-13 03:15:53', '2018-02-13 03:15:53'),
(245, 13, 2, '2018-01-13', '05:54:00', '2018-02-13 03:15:53', '2018-02-13 03:15:53'),
(246, 13, 2, '2018-01-13', '07:24:00', '2018-02-13 03:15:53', '2018-02-13 03:15:53'),
(247, 13, 2, '2018-01-13', '20:39:00', '2018-02-13 03:15:54', '2018-02-13 03:15:54'),
(248, 13, 2, '2018-01-13', '21:59:00', '2018-02-13 03:15:54', '2018-02-13 03:15:54'),
(249, 13, 2, '2018-01-13', '23:42:00', '2018-02-13 03:15:54', '2018-02-13 03:15:54'),
(250, 14, 2, '2018-01-14', '00:41:00', '2018-02-13 03:15:54', '2018-02-13 03:15:54'),
(251, 14, 2, '2018-01-14', '02:35:00', '2018-02-13 03:15:54', '2018-02-13 03:15:54'),
(252, 14, 2, '2018-01-14', '03:21:00', '2018-02-13 03:15:54', '2018-02-13 03:15:54'),
(253, 14, 2, '2018-01-14', '05:45:00', '2018-02-13 03:15:55', '2018-02-13 03:15:55'),
(254, 14, 2, '2018-01-14', '07:06:00', '2018-02-13 03:15:55', '2018-02-13 03:15:55'),
(255, 14, 2, '2018-01-14', '08:26:00', '2018-02-13 03:15:55', '2018-02-13 03:15:55'),
(256, 14, 2, '2018-01-14', '19:17:00', '2018-02-13 03:15:55', '2018-02-13 03:15:55'),
(257, 14, 2, '2018-01-14', '22:40:00', '2018-02-13 03:15:55', '2018-02-13 03:15:55'),
(258, 14, 2, '2018-01-14', '23:23:00', '2018-02-13 03:15:55', '2018-02-13 03:15:55'),
(259, 15, 2, '2018-01-15', '00:08:00', '2018-02-13 03:15:55', '2018-02-13 03:15:55'),
(260, 15, 2, '2018-01-15', '01:09:00', '2018-02-13 03:15:55', '2018-02-13 03:15:55'),
(261, 15, 2, '2018-01-15', '02:21:00', '2018-02-13 03:15:55', '2018-02-13 03:15:55'),
(262, 15, 2, '2018-01-15', '03:35:00', '2018-02-13 03:15:55', '2018-02-13 03:15:55'),
(263, 15, 2, '2018-01-15', '04:36:00', '2018-02-13 03:15:55', '2018-02-13 03:15:55'),
(264, 15, 2, '2018-01-15', '04:56:00', '2018-02-13 03:15:55', '2018-02-13 03:15:55'),
(265, 15, 2, '2018-01-15', '07:33:00', '2018-02-13 03:15:55', '2018-02-13 03:15:55'),
(266, 15, 2, '2018-01-15', '07:47:00', '2018-02-13 03:15:56', '2018-02-13 03:15:56'),
(267, 15, 2, '2018-01-15', '07:52:00', '2018-02-13 03:15:56', '2018-02-13 03:15:56'),
(268, 15, 2, '2018-01-15', '18:33:00', '2018-02-13 03:15:56', '2018-02-13 03:15:56'),
(269, 15, 2, '2018-01-15', '18:46:00', '2018-02-13 03:15:56', '2018-02-13 03:15:56'),
(270, 15, 2, '2018-01-15', '19:29:00', '2018-02-13 03:15:56', '2018-02-13 03:15:56'),
(271, 15, 2, '2018-01-15', '20:04:00', '2018-02-13 03:15:56', '2018-02-13 03:15:56'),
(272, 15, 2, '2018-01-15', '21:05:00', '2018-02-13 03:15:56', '2018-02-13 03:15:56'),
(273, 15, 2, '2018-01-15', '22:12:00', '2018-02-13 03:15:56', '2018-02-13 03:15:56'),
(274, 15, 2, '2018-01-15', '23:02:00', '2018-02-13 03:15:56', '2018-02-13 03:15:56'),
(275, 16, 2, '2018-01-16', '00:17:00', '2018-02-13 03:15:56', '2018-02-13 03:15:56'),
(276, 16, 2, '2018-01-16', '01:33:00', '2018-02-13 03:15:56', '2018-02-13 03:15:56'),
(277, 16, 2, '2018-01-16', '02:24:00', '2018-02-13 03:15:56', '2018-02-13 03:15:56'),
(278, 16, 2, '2018-01-16', '04:03:00', '2018-02-13 03:15:57', '2018-02-13 03:15:57'),
(279, 16, 2, '2018-01-16', '05:59:00', '2018-02-13 03:15:57', '2018-02-13 03:15:57'),
(280, 16, 2, '2018-01-16', '18:18:00', '2018-02-13 03:15:57', '2018-02-13 03:15:57'),
(281, 16, 2, '2018-01-16', '20:27:00', '2018-02-13 03:15:57', '2018-02-13 03:15:57'),
(282, 16, 2, '2018-01-16', '21:49:00', '2018-02-13 03:15:57', '2018-02-13 03:15:57'),
(283, 16, 2, '2018-01-16', '22:15:00', '2018-02-13 03:15:57', '2018-02-13 03:15:57'),
(284, 16, 2, '2018-01-16', '22:56:00', '2018-02-13 03:15:57', '2018-02-13 03:15:57'),
(285, 16, 2, '2018-01-16', '23:06:00', '2018-02-13 03:15:57', '2018-02-13 03:15:57'),
(286, 16, 2, '2018-01-16', '23:52:00', '2018-02-13 03:15:57', '2018-02-13 03:15:57'),
(287, 17, 2, '2018-01-17', '00:22:00', '2018-02-13 03:15:57', '2018-02-13 03:15:57'),
(288, 17, 2, '2018-01-17', '01:39:00', '2018-02-13 03:15:57', '2018-02-13 03:15:57'),
(289, 17, 2, '2018-01-17', '02:09:00', '2018-02-13 03:15:57', '2018-02-13 03:15:57'),
(290, 17, 2, '2018-01-17', '02:52:00', '2018-02-13 03:15:57', '2018-02-13 03:15:57'),
(291, 17, 2, '2018-01-17', '03:48:00', '2018-02-13 03:15:57', '2018-02-13 03:15:57'),
(292, 17, 2, '2018-01-17', '05:31:00', '2018-02-13 03:15:57', '2018-02-13 03:15:57'),
(293, 17, 2, '2018-01-17', '06:01:00', '2018-02-13 03:15:58', '2018-02-13 03:15:58'),
(294, 17, 2, '2018-01-17', '07:08:00', '2018-02-13 03:15:58', '2018-02-13 03:15:58'),
(295, 17, 2, '2018-01-17', '07:56:00', '2018-02-13 03:15:58', '2018-02-13 03:15:58'),
(296, 17, 2, '2018-01-17', '18:14:00', '2018-02-13 03:15:58', '2018-02-13 03:15:58'),
(297, 17, 2, '2018-01-17', '18:48:00', '2018-02-13 03:15:58', '2018-02-13 03:15:58'),
(298, 17, 2, '2018-01-17', '18:59:00', '2018-02-13 03:15:58', '2018-02-13 03:15:58'),
(299, 17, 2, '2018-01-17', '23:00:00', '2018-02-13 03:15:58', '2018-02-13 03:15:58'),
(300, 18, 2, '2018-01-18', '00:07:00', '2018-02-13 03:15:58', '2018-02-13 03:15:58'),
(301, 18, 2, '2018-01-18', '01:14:00', '2018-02-13 03:15:58', '2018-02-13 03:15:58'),
(302, 18, 2, '2018-01-18', '01:39:00', '2018-02-13 03:15:58', '2018-02-13 03:15:58'),
(303, 18, 2, '2018-01-18', '03:04:00', '2018-02-13 03:15:58', '2018-02-13 03:15:58'),
(304, 18, 2, '2018-01-18', '04:28:00', '2018-02-13 03:15:58', '2018-02-13 03:15:58'),
(305, 18, 2, '2018-01-18', '05:52:00', '2018-02-13 03:15:58', '2018-02-13 03:15:58'),
(306, 18, 2, '2018-01-18', '06:23:00', '2018-02-13 03:15:59', '2018-02-13 03:15:59'),
(307, 18, 2, '2018-01-18', '08:21:00', '2018-02-13 03:15:59', '2018-02-13 03:15:59'),
(308, 21, 2, '2018-01-21', '18:08:00', '2018-02-13 03:15:59', '2018-02-13 03:15:59'),
(309, 21, 2, '2018-01-21', '21:22:00', '2018-02-13 03:15:59', '2018-02-13 03:15:59'),
(310, 21, 2, '2018-01-21', '22:22:00', '2018-02-13 03:15:59', '2018-02-13 03:15:59'),
(311, 21, 2, '2018-01-21', '22:52:00', '2018-02-13 03:15:59', '2018-02-13 03:15:59'),
(312, 22, 2, '2018-01-22', '00:06:00', '2018-02-13 03:15:59', '2018-02-13 03:15:59'),
(313, 22, 2, '2018-01-22', '02:00:00', '2018-02-13 03:15:59', '2018-02-13 03:15:59'),
(314, 22, 2, '2018-01-22', '02:51:00', '2018-02-13 03:15:59', '2018-02-13 03:15:59'),
(315, 22, 2, '2018-01-22', '02:58:00', '2018-02-13 03:15:59', '2018-02-13 03:15:59'),
(316, 22, 2, '2018-01-22', '03:02:00', '2018-02-13 03:15:59', '2018-02-13 03:15:59'),
(317, 22, 2, '2018-01-22', '05:35:00', '2018-02-13 03:15:59', '2018-02-13 03:15:59'),
(318, 22, 2, '2018-01-22', '05:56:00', '2018-02-13 03:15:59', '2018-02-13 03:15:59'),
(319, 22, 2, '2018-01-22', '18:08:00', '2018-02-13 03:16:00', '2018-02-13 03:16:00'),
(320, 22, 2, '2018-01-22', '22:00:00', '2018-02-13 03:16:00', '2018-02-13 03:16:00'),
(321, 22, 2, '2018-01-22', '23:09:00', '2018-02-13 03:16:00', '2018-02-13 03:16:00'),
(322, 22, 2, '2018-01-22', '23:21:00', '2018-02-13 03:16:00', '2018-02-13 03:16:00'),
(323, 23, 2, '2018-01-23', '00:08:00', '2018-02-13 03:16:00', '2018-02-13 03:16:00'),
(324, 23, 2, '2018-01-23', '01:19:00', '2018-02-13 03:16:00', '2018-02-13 03:16:00'),
(325, 23, 2, '2018-01-23', '02:41:00', '2018-02-13 03:16:00', '2018-02-13 03:16:00'),
(326, 23, 2, '2018-01-23', '04:04:00', '2018-02-13 03:16:00', '2018-02-13 03:16:00'),
(327, 23, 2, '2018-01-23', '05:01:00', '2018-02-13 03:16:00', '2018-02-13 03:16:00'),
(328, 23, 2, '2018-01-23', '07:49:00', '2018-02-13 03:16:00', '2018-02-13 03:16:00'),
(329, 23, 2, '2018-01-23', '18:59:00', '2018-02-13 03:16:00', '2018-02-13 03:16:00'),
(330, 23, 2, '2018-01-23', '20:51:00', '2018-02-13 03:16:00', '2018-02-13 03:16:00'),
(331, 23, 2, '2018-01-23', '21:03:00', '2018-02-13 03:16:00', '2018-02-13 03:16:00'),
(332, 23, 2, '2018-01-23', '21:32:00', '2018-02-13 03:16:00', '2018-02-13 03:16:00'),
(333, 23, 2, '2018-01-23', '22:26:00', '2018-02-13 03:16:00', '2018-02-13 03:16:00'),
(334, 24, 2, '2018-01-24', '00:03:00', '2018-02-13 03:16:00', '2018-02-13 03:16:00'),
(335, 24, 2, '2018-01-24', '00:15:00', '2018-02-13 03:16:01', '2018-02-13 03:16:01'),
(336, 24, 2, '2018-01-24', '01:12:00', '2018-02-13 03:16:01', '2018-02-13 03:16:01'),
(337, 24, 2, '2018-01-24', '02:23:00', '2018-02-13 03:16:01', '2018-02-13 03:16:01'),
(338, 24, 2, '2018-01-24', '03:45:00', '2018-02-13 03:16:01', '2018-02-13 03:16:01'),
(339, 24, 2, '2018-01-24', '06:58:00', '2018-02-13 03:16:01', '2018-02-13 03:16:01'),
(340, 24, 2, '2018-01-24', '07:14:00', '2018-02-13 03:16:01', '2018-02-13 03:16:01'),
(341, 24, 2, '2018-01-24', '07:37:00', '2018-02-13 03:16:01', '2018-02-13 03:16:01'),
(342, 24, 2, '2018-01-24', '07:43:00', '2018-02-13 03:16:01', '2018-02-13 03:16:01'),
(343, 24, 2, '2018-01-24', '18:41:00', '2018-02-13 03:16:01', '2018-02-13 03:16:01'),
(344, 24, 2, '2018-01-24', '19:56:00', '2018-02-13 03:16:01', '2018-02-13 03:16:01'),
(345, 24, 2, '2018-01-24', '21:50:00', '2018-02-13 03:16:02', '2018-02-13 03:16:02'),
(346, 24, 2, '2018-01-24', '23:10:00', '2018-02-13 03:16:02', '2018-02-13 03:16:02'),
(347, 24, 2, '2018-01-24', '23:45:00', '2018-02-13 03:16:02', '2018-02-13 03:16:02'),
(348, 25, 2, '2018-01-25', '01:43:00', '2018-02-13 03:16:02', '2018-02-13 03:16:02'),
(349, 25, 2, '2018-01-25', '02:59:00', '2018-02-13 03:16:02', '2018-02-13 03:16:02'),
(350, 25, 2, '2018-01-25', '07:23:00', '2018-02-13 03:16:02', '2018-02-13 03:16:02'),
(351, 25, 2, '2018-01-25', '18:46:00', '2018-02-13 03:16:02', '2018-02-13 03:16:02'),
(352, 25, 2, '2018-01-25', '19:01:00', '2018-02-13 03:16:02', '2018-02-13 03:16:02'),
(353, 25, 2, '2018-01-25', '21:39:00', '2018-02-13 03:16:02', '2018-02-13 03:16:02'),
(354, 26, 2, '2018-01-26', '00:40:00', '2018-02-13 03:16:02', '2018-02-13 03:16:02'),
(355, 26, 2, '2018-01-26', '01:54:00', '2018-02-13 03:16:02', '2018-02-13 03:16:02'),
(356, 26, 2, '2018-01-26', '03:02:00', '2018-02-13 03:16:02', '2018-02-13 03:16:02'),
(357, 26, 2, '2018-01-26', '04:37:00', '2018-02-13 03:16:02', '2018-02-13 03:16:02'),
(358, 26, 2, '2018-01-26', '04:53:00', '2018-02-13 03:16:03', '2018-02-13 03:16:03'),
(359, 26, 2, '2018-01-26', '05:02:00', '2018-02-13 03:16:03', '2018-02-13 03:16:03'),
(360, 26, 2, '2018-01-26', '06:13:00', '2018-02-13 03:16:03', '2018-02-13 03:16:03'),
(361, 26, 2, '2018-01-26', '18:30:00', '2018-02-13 03:16:03', '2018-02-13 03:16:03'),
(362, 26, 2, '2018-01-26', '19:30:00', '2018-02-13 03:16:03', '2018-02-13 03:16:03'),
(363, 26, 2, '2018-01-26', '21:09:00', '2018-02-13 03:16:03', '2018-02-13 03:16:03'),
(364, 26, 2, '2018-01-26', '21:25:00', '2018-02-13 03:16:03', '2018-02-13 03:16:03'),
(365, 26, 2, '2018-01-26', '23:56:00', '2018-02-13 03:16:03', '2018-02-13 03:16:03'),
(366, 27, 2, '2018-01-27', '02:31:00', '2018-02-13 03:16:03', '2018-02-13 03:16:03'),
(367, 27, 2, '2018-01-27', '08:06:00', '2018-02-13 03:16:03', '2018-02-13 03:16:03'),
(368, 28, 2, '2018-01-28', '21:15:00', '2018-02-13 03:16:03', '2018-02-13 03:16:03'),
(369, 28, 2, '2018-01-28', '22:02:00', '2018-02-13 03:16:03', '2018-02-13 03:16:03'),
(370, 28, 2, '2018-01-28', '22:42:00', '2018-02-13 03:16:03', '2018-02-13 03:16:03'),
(371, 28, 2, '2018-01-28', '23:29:00', '2018-02-13 03:16:04', '2018-02-13 03:16:04'),
(372, 29, 2, '2018-01-29', '00:29:00', '2018-02-13 03:16:04', '2018-02-13 03:16:04'),
(373, 29, 2, '2018-01-29', '00:34:00', '2018-02-13 03:16:04', '2018-02-13 03:16:04'),
(374, 29, 2, '2018-01-29', '02:17:00', '2018-02-13 03:16:04', '2018-02-13 03:16:04'),
(375, 29, 2, '2018-01-29', '03:48:00', '2018-02-13 03:16:04', '2018-02-13 03:16:04'),
(376, 29, 2, '2018-01-29', '04:19:00', '2018-02-13 03:16:04', '2018-02-13 03:16:04'),
(377, 29, 2, '2018-01-29', '05:15:00', '2018-02-13 03:16:04', '2018-02-13 03:16:04'),
(378, 29, 2, '2018-01-29', '06:59:00', '2018-02-13 03:16:04', '2018-02-13 03:16:04'),
(379, 29, 2, '2018-01-29', '07:35:00', '2018-02-13 03:16:04', '2018-02-13 03:16:04'),
(380, 29, 2, '2018-01-29', '07:58:00', '2018-02-13 03:16:04', '2018-02-13 03:16:04'),
(381, 29, 2, '2018-01-29', '19:21:00', '2018-02-13 03:16:04', '2018-02-13 03:16:04'),
(382, 29, 2, '2018-01-29', '21:45:00', '2018-02-13 03:16:04', '2018-02-13 03:16:04'),
(383, 29, 2, '2018-01-29', '22:56:00', '2018-02-13 03:16:04', '2018-02-13 03:16:04'),
(384, 29, 2, '2018-01-29', '23:27:00', '2018-02-13 03:16:04', '2018-02-13 03:16:04'),
(385, 30, 2, '2018-01-30', '00:47:00', '2018-02-13 03:16:04', '2018-02-13 03:16:04'),
(386, 30, 2, '2018-01-30', '01:51:00', '2018-02-13 03:16:05', '2018-02-13 03:16:05'),
(387, 30, 2, '2018-01-30', '03:18:00', '2018-02-13 03:16:05', '2018-02-13 03:16:05'),
(388, 30, 2, '2018-01-30', '03:24:00', '2018-02-13 03:16:05', '2018-02-13 03:16:05'),
(389, 30, 2, '2018-01-30', '03:39:00', '2018-02-13 03:16:05', '2018-02-13 03:16:05'),
(390, 30, 2, '2018-01-30', '04:09:00', '2018-02-13 03:16:05', '2018-02-13 03:16:05'),
(391, 30, 2, '2018-01-30', '04:48:00', '2018-02-13 03:16:05', '2018-02-13 03:16:05'),
(392, 30, 2, '2018-01-30', '05:16:00', '2018-02-13 03:16:05', '2018-02-13 03:16:05'),
(393, 30, 2, '2018-01-30', '06:12:00', '2018-02-13 03:16:05', '2018-02-13 03:16:05'),
(394, 30, 2, '2018-01-30', '07:15:00', '2018-02-13 03:16:05', '2018-02-13 03:16:05'),
(395, 30, 2, '2018-01-30', '07:48:00', '2018-02-13 03:16:05', '2018-02-13 03:16:05'),
(396, 30, 2, '2018-01-30', '07:58:00', '2018-02-13 03:16:05', '2018-02-13 03:16:05'),
(397, 30, 2, '2018-01-30', '18:17:00', '2018-02-13 03:16:05', '2018-02-13 03:16:05'),
(398, 30, 2, '2018-01-30', '18:59:00', '2018-02-13 03:16:05', '2018-02-13 03:16:05'),
(399, 30, 2, '2018-01-30', '20:14:00', '2018-02-13 03:16:05', '2018-02-13 03:16:05'),
(400, 30, 2, '2018-01-30', '20:48:00', '2018-02-13 03:16:05', '2018-02-13 03:16:05'),
(401, 30, 2, '2018-01-30', '22:21:00', '2018-02-13 03:16:06', '2018-02-13 03:16:06'),
(402, 30, 2, '2018-01-30', '23:40:00', '2018-02-13 03:16:06', '2018-02-13 03:16:06'),
(403, 30, 2, '2018-01-30', '23:56:00', '2018-02-13 03:16:06', '2018-02-13 03:16:06'),
(404, 31, 2, '2018-01-31', '01:08:00', '2018-02-13 03:16:06', '2018-02-13 03:16:06'),
(405, 31, 2, '2018-01-31', '02:43:00', '2018-02-13 03:16:06', '2018-02-13 03:16:06'),
(406, 31, 2, '2018-01-31', '04:20:00', '2018-02-13 03:16:06', '2018-02-13 03:16:06'),
(407, 31, 2, '2018-01-31', '04:48:00', '2018-02-13 03:16:06', '2018-02-13 03:16:06'),
(408, 31, 2, '2018-01-31', '06:03:00', '2018-02-13 03:16:06', '2018-02-13 03:16:06'),
(409, 31, 2, '2018-01-31', '06:29:00', '2018-02-13 03:16:06', '2018-02-13 03:16:06'),
(410, 31, 2, '2018-01-31', '06:51:00', '2018-02-13 03:16:06', '2018-02-13 03:16:06'),
(411, 31, 2, '2018-01-31', '07:38:00', '2018-02-13 03:16:06', '2018-02-13 03:16:06'),
(412, 31, 2, '2018-01-31', '19:41:00', '2018-02-13 03:16:06', '2018-02-13 03:16:06'),
(413, 31, 2, '2018-01-31', '19:55:00', '2018-02-13 03:16:06', '2018-02-13 03:16:06'),
(414, 31, 2, '2018-01-31', '20:57:00', '2018-02-13 03:16:06', '2018-02-13 03:16:06'),
(415, 31, 2, '2018-01-31', '22:34:00', '2018-02-13 03:16:06', '2018-02-13 03:16:06'),
(416, 2, 3, '2018-01-02', '07:13:00', '2018-02-26 01:13:14', '2018-02-26 01:13:14'),
(417, 2, 3, '2018-01-02', '07:13:00', '2018-02-26 01:13:47', '2018-02-26 01:13:47'),
(418, 2, 3, '2018-01-02', '07:13:00', '2018-02-26 01:59:38', '2018-02-26 01:59:38');

-- --------------------------------------------------------

--
-- Table structure for table `categories`
--

CREATE TABLE `categories` (
  `id` int(10) UNSIGNED NOT NULL,
  `name` varchar(191) COLLATE utf8mb4_unicode_ci NOT NULL,
  `created_at` timestamp NULL DEFAULT NULL,
  `updated_at` timestamp NULL DEFAULT NULL
) ENGINE=InnoDB DEFAULT CHARSET=utf8mb4 COLLATE=utf8mb4_unicode_ci;

--
-- Dumping data for table `categories`
--

INSERT INTO `categories` (`id`, `name`, `created_at`, `updated_at`) VALUES
(1, 'Permanent', '2018-02-07 18:30:00', '2018-02-07 18:30:00'),
(2, 'Freelance', '2018-02-07 18:30:00', '2018-02-07 18:30:00'),
(3, 'Security', '2018-02-07 18:30:00', '2018-02-07 18:30:00');

-- --------------------------------------------------------

--
-- Table structure for table `commisions`
--

CREATE TABLE `commisions` (
  `id` int(10) UNSIGNED NOT NULL,
  `commition_percentage` decimal(10,2) NOT NULL,
  `commition_value` decimal(10,2) NOT NULL,
  `sale_amount` decimal(10,2) NOT NULL,
  `salary_month_id` int(11) NOT NULL,
  `created_at` timestamp NULL DEFAULT NULL,
  `updated_at` timestamp NULL DEFAULT NULL
) ENGINE=InnoDB DEFAULT CHARSET=utf8mb4 COLLATE=utf8mb4_unicode_ci;

-- --------------------------------------------------------

--
-- Table structure for table `commision_categories`
--

CREATE TABLE `commision_categories` (
  `id` int(10) UNSIGNED NOT NULL,
  `commision_id` int(11) DEFAULT NULL,
  `designation_id` int(11) DEFAULT NULL,
  `commision_percentage` decimal(10,2) NOT NULL DEFAULT '0.00',
  `commision_value` decimal(10,2) NOT NULL DEFAULT '0.00',
  `created_at` timestamp NULL DEFAULT NULL,
  `updated_at` timestamp NULL DEFAULT NULL
) ENGINE=InnoDB DEFAULT CHARSET=utf8mb4 COLLATE=utf8mb4_unicode_ci;

-- --------------------------------------------------------

--
-- Table structure for table `commision_category_items`
--

CREATE TABLE `commision_category_items` (
  `id` int(10) UNSIGNED NOT NULL,
  `employee_id` int(11) NOT NULL DEFAULT '0',
  `commision_category_id` int(11) NOT NULL DEFAULT '0',
  `worked_days` int(11) NOT NULL DEFAULT '0',
  `commision_value` decimal(8,2) NOT NULL DEFAULT '0.00',
  `created_at` timestamp NULL DEFAULT NULL,
  `updated_at` timestamp NULL DEFAULT NULL
) ENGINE=InnoDB DEFAULT CHARSET=utf8mb4 COLLATE=utf8mb4_unicode_ci;

-- --------------------------------------------------------

--
-- Table structure for table `commision_items`
--

CREATE TABLE `commision_items` (
  `id` int(10) UNSIGNED NOT NULL,
  `commision_id` int(11) NOT NULL,
  `category_or_employee_id` int(11) NOT NULL,
  `status` int(11) NOT NULL,
  `created_at` timestamp NULL DEFAULT NULL,
  `updated_at` timestamp NULL DEFAULT NULL
) ENGINE=InnoDB DEFAULT CHARSET=utf8mb4 COLLATE=utf8mb4_unicode_ci;

-- --------------------------------------------------------

--
-- Table structure for table `designations`
--

CREATE TABLE `designations` (
  `id` int(10) UNSIGNED NOT NULL,
  `name` varchar(191) COLLATE utf8mb4_unicode_ci NOT NULL,
  `created_at` timestamp NULL DEFAULT NULL,
  `updated_at` timestamp NULL DEFAULT NULL
) ENGINE=InnoDB DEFAULT CHARSET=utf8mb4 COLLATE=utf8mb4_unicode_ci;

--
-- Dumping data for table `designations`
--

INSERT INTO `designations` (`id`, `name`, `created_at`, `updated_at`) VALUES
(3, 'Tinker 3', '2018-02-07 23:42:17', '2018-02-07 23:43:21'),
(4, 'Painter', '2018-02-07 23:42:28', '2018-02-07 23:42:28'),
(5, 'Tinker 2', '2018-02-07 23:42:43', '2018-02-07 23:42:43'),
(6, 'Painter 22', '2018-02-07 18:13:01', '2018-02-07 18:13:12'),
(7, 'fcxhnjgfv fchgvhjkjhgf', '2018-02-07 18:36:05', '2018-02-07 18:36:46');

-- --------------------------------------------------------

--
-- Table structure for table `employees`
--

CREATE TABLE `employees` (
  `id` int(10) UNSIGNED NOT NULL,
  `name` varchar(191) COLLATE utf8mb4_unicode_ci NOT NULL,
  `address_current` varchar(255) COLLATE utf8mb4_unicode_ci NOT NULL,
  `address_temperary` varchar(255) COLLATE utf8mb4_unicode_ci NOT NULL,
  `telephone_no_1` varchar(191) COLLATE utf8mb4_unicode_ci NOT NULL,
  `telephone_no_2` varchar(191) COLLATE utf8mb4_unicode_ci NOT NULL,
  `telephone_no_3` varchar(191) COLLATE utf8mb4_unicode_ci NOT NULL,
  `driving_license_no` varchar(191) COLLATE utf8mb4_unicode_ci NOT NULL,
  `nic_no` varchar(191) COLLATE utf8mb4_unicode_ci NOT NULL,
  `category_id` int(11) NOT NULL,
  `designation_id` int(11) NOT NULL,
  `birth_day` date NOT NULL,
  `finger_print_no` varchar(191) COLLATE utf8mb4_unicode_ci NOT NULL,
  `employee_salary_type` int(11) NOT NULL,
  `ot_availability` int(11) NOT NULL,
  `epf_availability` int(11) NOT NULL,
  `date_joined` date NOT NULL,
  `basic_salary` decimal(10,2) NOT NULL,
  `work_start_time` time NOT NULL,
  `work_off_time` time NOT NULL,
  `monthly_salary` decimal(10,2) NOT NULL,
  `per_day_salary` decimal(10,2) NOT NULL,
  `ot_rate` decimal(10,2) NOT NULL,
  `attendance_incentive` decimal(10,2) NOT NULL,
  `allowance_per_day` decimal(10,2) NOT NULL,
  `welfare` decimal(10,2) NOT NULL,
  `epf_no` varchar(10) COLLATE utf8mb4_unicode_ci NOT NULL,
  `qualification` text COLLATE utf8mb4_unicode_ci NOT NULL,
  `created_at` timestamp NULL DEFAULT NULL,
  `updated_at` timestamp NULL DEFAULT NULL
) ENGINE=InnoDB DEFAULT CHARSET=utf8mb4 COLLATE=utf8mb4_unicode_ci;

--
-- Dumping data for table `employees`
--

INSERT INTO `employees` (`id`, `name`, `address_current`, `address_temperary`, `telephone_no_1`, `telephone_no_2`, `telephone_no_3`, `driving_license_no`, `nic_no`, `category_id`, `designation_id`, `birth_day`, `finger_print_no`, `employee_salary_type`, `ot_availability`, `epf_availability`, `date_joined`, `basic_salary`, `work_start_time`, `work_off_time`, `monthly_salary`, `per_day_salary`, `ot_rate`, `attendance_incentive`, `allowance_per_day`, `welfare`, `epf_no`, `qualification`, `created_at`, `updated_at`) VALUES
(1, 'hashini prashangika', 'malabe , thalahena', 'ambepussa  , keenadeniya', '07811111111', '07822222222', '06733333333', '666666666', '', 1, 6, '2018-02-01', '20002580361', 1, 1, 1, '2018-01-02', '25000.00', '07:00:00', '18:00:00', '70000.00', '1100.00', '85.00', '1500.00', '225.00', '700.00', '55', 'a/l, o/l', '2018-02-08 18:43:08', '2018-02-18 16:27:09'),
(2, 'XFGDF', 'FDGFDG', 'DFGDFG', '56767', '567657', '67765', '565765', '', 3, 3, '2018-02-12', '503600560', 1, 1, 1, '2018-02-04', '4000.00', '17:00:00', '07:00:00', '0.00', '1200.00', '45.00', '554.00', '56.00', '546.00', '4565', 'GHJHGJGJGJGH', '2018-02-08 20:26:54', '2018-03-07 03:35:55'),
(3, 'cghgfj', 'gthth', 'fghjghj', '4645654', '5654667', '5645645', '564545', '', 2, 6, '2018-02-21', '1234', 0, 1, 1, '2018-02-13', '2000.00', '08:00:00', '17:30:00', '0.00', '1300.00', '56.00', '1000.00', '100.00', '45.00', '5465', 'fhfgjfgjhgsdfg\r\nfghfghfgh\r\nfhgfh\r\nfgh\r\nfhgfhfgh\r\nsdgdfgdfgdfgdfg\r\ndfhfghghgf\r\nhfdhdfhgfh\r\ndfhdfhgfh\r\ndfhfghdf\r\ndfhfghdf\r\nfdhdfhdfhdf\r\ndfhdfhdfhdhg\r\nhfdhdfhfd', '2018-02-08 20:44:31', '2018-02-27 02:10:44'),
(4, 'test  painter', '', '', '', '', '', '5656', '5656', 2, 4, '2018-03-07', '656564', 1, 1, 0, '2018-02-04', '4000.00', '16:14:00', '16:14:00', '300000.00', '0.00', '78.00', '0.00', '677.00', '76.00', '76767', '667', '2018-03-06 10:44:23', '2018-03-06 10:44:23'),
(5, 'testtinker', '', '', '', '', '', '5767676', '', 2, 3, '2018-02-11', '5653434', 0, 1, 1, '2018-02-19', '50000.00', '16:15:00', '16:15:00', '0.00', '1200.00', '34.00', '0.00', '300.00', '120.00', '45454', 'fhgyx fbtrrytsvr etryry', '2018-03-06 10:45:45', '2018-03-07 03:36:08');

-- --------------------------------------------------------

--
-- Table structure for table `employee_images`
--

CREATE TABLE `employee_images` (
  `id` int(10) UNSIGNED NOT NULL,
  `name` varchar(191) COLLATE utf8mb4_unicode_ci NOT NULL,
  `image_file_name` varchar(255) COLLATE utf8mb4_unicode_ci NOT NULL,
  `employee_id` int(11) NOT NULL,
  `created_at` timestamp NULL DEFAULT NULL,
  `updated_at` timestamp NULL DEFAULT NULL
) ENGINE=InnoDB DEFAULT CHARSET=utf8mb4 COLLATE=utf8mb4_unicode_ci;

--
-- Dumping data for table `employee_images`
--

INSERT INTO `employee_images` (`id`, `name`, `image_file_name`, `employee_id`, `created_at`, `updated_at`) VALUES
(1, 'image 1', '1520222806.png', 3, '2018-03-04 22:36:46', '2018-03-04 22:36:46'),
(2, 'image 12', '1520222825.png', 3, '2018-03-04 22:37:05', '2018-03-04 22:37:05');

-- --------------------------------------------------------

--
-- Table structure for table `holidays`
--

CREATE TABLE `holidays` (
  `id` int(10) UNSIGNED NOT NULL,
  `holiday_type_id` int(11) NOT NULL,
  `employee_id` int(11) NOT NULL,
  `from_time` time NOT NULL,
  `to_time` time NOT NULL,
  `to_date` date NOT NULL,
  `from_date` date NOT NULL,
  `created_at` timestamp NULL DEFAULT NULL,
  `updated_at` timestamp NULL DEFAULT NULL
) ENGINE=InnoDB DEFAULT CHARSET=utf8mb4 COLLATE=utf8mb4_unicode_ci;

--
-- Dumping data for table `holidays`
--

INSERT INTO `holidays` (`id`, `holiday_type_id`, `employee_id`, `from_time`, `to_time`, `to_date`, `from_date`, `created_at`, `updated_at`) VALUES
(2, 4, 2, '00:00:00', '00:00:00', '2018-02-27', '2018-02-20', '2018-02-14 03:41:44', '2018-02-14 04:42:57'),
(3, 5, 0, '00:00:00', '00:00:00', '2018-02-14', '2018-02-14', '2018-02-14 03:42:01', '2018-02-14 03:42:01'),
(6, 11, 0, '00:00:00', '00:00:00', '2018-02-20', '2018-02-20', '2018-02-14 04:28:31', '2018-02-14 04:28:31'),
(7, 6, 1, '00:00:00', '00:00:00', '2018-02-27', '2018-02-27', '2018-02-14 04:29:33', '2018-02-14 04:42:47'),
(8, 1, 0, '00:00:00', '00:00:00', '2018-02-20', '2018-02-20', '2018-02-14 04:43:49', '2018-02-14 04:43:49'),
(9, 1, 0, '00:00:00', '00:00:00', '2018-01-01', '2018-01-01', '2018-02-18 03:05:43', '2018-02-18 03:05:43'),
(10, 1, 1, '00:00:00', '00:00:00', '2018-02-12', '2018-02-12', '2018-02-26 03:59:37', '2018-02-26 03:59:37');

-- --------------------------------------------------------

--
-- Table structure for table `holiday_types`
--

CREATE TABLE `holiday_types` (
  `id` int(10) UNSIGNED NOT NULL,
  `name` varchar(255) COLLATE utf8mb4_unicode_ci NOT NULL
) ENGINE=InnoDB DEFAULT CHARSET=utf8mb4 COLLATE=utf8mb4_unicode_ci;

--
-- Dumping data for table `holiday_types`
--

INSERT INTO `holiday_types` (`id`, `name`) VALUES
(1, 'poya day'),
(4, 'independance day'),
(5, 'laboures day'),
(6, 'International Workers\' Day'),
(9, 'sinhala tamil new year'),
(10, 'christmas day'),
(11, 'company holiday'),
(12, 'other');

-- --------------------------------------------------------

--
-- Table structure for table `leaves`
--

CREATE TABLE `leaves` (
  `id` int(10) UNSIGNED NOT NULL,
  `leave_type_id` int(11) NOT NULL,
  `employee_id` int(11) NOT NULL,
  `from_time` time NOT NULL,
  `to_time` time NOT NULL,
  `to_date` date NOT NULL,
  `from_date` date NOT NULL,
  `created_at` timestamp NULL DEFAULT NULL,
  `updated_at` timestamp NULL DEFAULT NULL
) ENGINE=InnoDB DEFAULT CHARSET=utf8mb4 COLLATE=utf8mb4_unicode_ci;

--
-- Dumping data for table `leaves`
--

INSERT INTO `leaves` (`id`, `leave_type_id`, `employee_id`, `from_time`, `to_time`, `to_date`, `from_date`, `created_at`, `updated_at`) VALUES
(1, 1, 1, '08:00:00', '18:00:00', '2018-03-01', '2018-03-01', '2018-03-04 22:38:56', '2018-03-04 22:38:56');

-- --------------------------------------------------------

--
-- Table structure for table `leave_types`
--

CREATE TABLE `leave_types` (
  `id` int(10) UNSIGNED NOT NULL,
  `name` varchar(191) COLLATE utf8mb4_unicode_ci NOT NULL,
  `created_at` timestamp NULL DEFAULT NULL,
  `updated_at` timestamp NULL DEFAULT NULL
) ENGINE=InnoDB DEFAULT CHARSET=utf8mb4 COLLATE=utf8mb4_unicode_ci;

--
-- Dumping data for table `leave_types`
--

INSERT INTO `leave_types` (`id`, `name`, `created_at`, `updated_at`) VALUES
(1, 'Annual', NULL, NULL),
(2, 'Casual', NULL, NULL),
(3, 'Medical', NULL, NULL);

-- --------------------------------------------------------

--
-- Table structure for table `loans`
--

CREATE TABLE `loans` (
  `id` int(10) UNSIGNED NOT NULL,
  `employee_id` int(11) NOT NULL,
  `loan_type_id` int(11) NOT NULL,
  `loan_interest` decimal(10,2) NOT NULL,
  `loan_amount` decimal(10,2) NOT NULL,
  `value_of_a_installment` decimal(10,2) NOT NULL,
  `num_of_installments` int(11) NOT NULL,
  `payment_start_date` date NOT NULL,
  `other_details` text COLLATE utf8mb4_unicode_ci NOT NULL,
  `status` int(11) NOT NULL DEFAULT '0' COMMENT '0=not paid , 1= half paid , 2= full paid',
  `created_at` timestamp NULL DEFAULT NULL,
  `updated_at` timestamp NULL DEFAULT NULL
) ENGINE=InnoDB DEFAULT CHARSET=utf8mb4 COLLATE=utf8mb4_unicode_ci;

--
-- Dumping data for table `loans`
--

INSERT INTO `loans` (`id`, `employee_id`, `loan_type_id`, `loan_interest`, `loan_amount`, `value_of_a_installment`, `num_of_installments`, `payment_start_date`, `other_details`, `status`, `created_at`, `updated_at`) VALUES
(8, 1, 1, '10.00', '100000.00', '11000.00', 10, '2017-12-08', '', 0, '2018-02-25 06:46:36', '2018-02-25 06:46:36'),
(9, 1, 2, '10.00', '200000.00', '22000.00', 10, '2017-12-12', '', 0, '2018-02-25 08:06:24', '2018-02-25 08:06:24'),
(10, 3, 1, '10.00', '50000.00', '5500.00', 10, '2018-02-13', '', 0, '2018-02-25 12:14:20', '2018-02-25 12:14:20'),
(11, 1, 1, '10.00', '70000.00', '7700.00', 10, '2017-12-08', 'aaaa', 0, '2018-03-05 04:20:55', '2018-03-05 04:20:55');

-- --------------------------------------------------------

--
-- Table structure for table `loan_accounts`
--

CREATE TABLE `loan_accounts` (
  `id` int(10) UNSIGNED NOT NULL,
  `description` text COLLATE utf8mb4_unicode_ci NOT NULL,
  `type` int(11) NOT NULL DEFAULT '0' COMMENT '1 = credit 2 =debit',
  `status` int(11) NOT NULL DEFAULT '0' COMMENT '1 = cannot delete 0=can delete',
  `loan_payment_id` int(11) NOT NULL DEFAULT '0',
  `date` date NOT NULL,
  `amount` decimal(10,2) NOT NULL DEFAULT '0.00',
  `created_at` timestamp NULL DEFAULT NULL,
  `updated_at` timestamp NULL DEFAULT NULL
) ENGINE=InnoDB DEFAULT CHARSET=utf8mb4 COLLATE=utf8mb4_unicode_ci;

--
-- Dumping data for table `loan_accounts`
--

INSERT INTO `loan_accounts` (`id`, `description`, `type`, `status`, `loan_payment_id`, `date`, `amount`, `created_at`, `updated_at`) VALUES
(3, 'Loan Payment from hashini prashangika', 1, 1, 12, '2018-02-25', '5000.00', '2018-02-25 12:08:39', '2018-02-25 12:08:39'),
(4, 'Salary Loan cghgfj', 2, 1, 0, '2018-02-25', '50000.00', '2018-02-25 12:14:21', '2018-02-25 12:14:21'),
(5, 'Salary Loan hashini prashangika', 2, 1, 0, '2018-03-05', '70000.00', '2018-03-05 04:20:55', '2018-03-05 04:20:55');

-- --------------------------------------------------------

--
-- Table structure for table `loan_payments`
--

CREATE TABLE `loan_payments` (
  `id` int(10) UNSIGNED NOT NULL,
  `loan_id` int(11) NOT NULL,
  `paid_amount` decimal(10,2) NOT NULL DEFAULT '0.00',
  `salary_month_id` int(11) NOT NULL DEFAULT '0',
  `status` int(11) NOT NULL DEFAULT '0' COMMENT '0=not paid , 1=  paid ',
  `pay_date` date NOT NULL,
  `description` varchar(255) COLLATE utf8mb4_unicode_ci NOT NULL,
  `created_at` timestamp NULL DEFAULT NULL,
  `updated_at` timestamp NULL DEFAULT NULL
) ENGINE=InnoDB DEFAULT CHARSET=utf8mb4 COLLATE=utf8mb4_unicode_ci;

--
-- Dumping data for table `loan_payments`
--

INSERT INTO `loan_payments` (`id`, `loan_id`, `paid_amount`, `salary_month_id`, `status`, `pay_date`, `description`, `created_at`, `updated_at`) VALUES
(12, 8, '5000.00', 28, 1, '2018-02-25', '', NULL, NULL);

-- --------------------------------------------------------

--
-- Table structure for table `loan_types`
--

CREATE TABLE `loan_types` (
  `id` int(10) UNSIGNED NOT NULL,
  `name` varchar(191) COLLATE utf8mb4_unicode_ci NOT NULL,
  `created_at` timestamp NULL DEFAULT NULL,
  `updated_at` timestamp NULL DEFAULT NULL
) ENGINE=InnoDB DEFAULT CHARSET=utf8mb4 COLLATE=utf8mb4_unicode_ci;

--
-- Dumping data for table `loan_types`
--

INSERT INTO `loan_types` (`id`, `name`, `created_at`, `updated_at`) VALUES
(1, 'Salary Loan', '2018-02-15 18:30:00', '2018-02-15 18:30:00'),
(2, 'Welfare Loan', '2018-02-15 18:30:00', '2018-02-15 18:30:00'),
(3, 'Outside Loan', '2018-02-15 18:30:00', '2018-02-15 18:30:00');

-- --------------------------------------------------------

--
-- Table structure for table `migrations`
--

CREATE TABLE `migrations` (
  `id` int(10) UNSIGNED NOT NULL,
  `migration` varchar(191) COLLATE utf8mb4_unicode_ci NOT NULL,
  `batch` int(11) NOT NULL
) ENGINE=InnoDB DEFAULT CHARSET=utf8mb4 COLLATE=utf8mb4_unicode_ci;

--
-- Dumping data for table `migrations`
--

INSERT INTO `migrations` (`id`, `migration`, `batch`) VALUES
(2, '2014_10_12_100000_create_password_resets_table', 1),
(3, '2018_02_06_063741_create_salary_month_table', 2),
(5, '2018_02_08_042446_create_designations_table', 4),
(7, '2018_02_08_055649_create_categories_table', 5),
(10, '2018_02_10_144057_create_employee_images_table', 7),
(11, '2018_02_10_192428_create_leave_types_table', 8),
(12, '2018_02_12_045228_create_leaves_table', 9),
(13, '2018_02_12_071733_create_working_days_table', 10),
(15, '2018_02_12_111209_create_attendances_table', 11),
(16, '2018_02_14_065157_create_holidays_table', 12),
(19, '2018_02_15_183333_create_advances_table', 14),
(21, '2018_02_16_031328_create_loan_types_table', 15),
(22, '2018_02_20_054108_create_slip_features_table', 16),
(31, '2018_02_16_030223_create_loans_table', 21),
(35, '2018_02_08_103541_create_employees_table', 23),
(36, '2018_02_22_034632_create_loan_payments_table', 24),
(37, '2018_02_21_093821_create_slips_table', 25),
(38, '2018_02_21_045522_create_loan_accounts_table', 26),
(39, '2018_02_21_070713_create_welfare_accounts_table', 26),
(40, '2014_10_12_000000_create_users_table', 27),
(41, '2018_02_15_073849_create_commisions_table', 28),
(42, '2018_02_15_075720_create_commision_items_table', 28),
(43, '2018_03_12_110117_create_service_center_commisions_table', 28),
(44, '2018_03_12_110231_create_service_center_commision_items_table', 28),
(45, '2018_03_12_110308_create_commision_categories_table', 28),
(46, '2018_03_12_110327_create_commision_category_items_table', 28);

-- --------------------------------------------------------

--
-- Table structure for table `password_resets`
--

CREATE TABLE `password_resets` (
  `email` varchar(191) COLLATE utf8mb4_unicode_ci NOT NULL,
  `token` varchar(191) COLLATE utf8mb4_unicode_ci NOT NULL,
  `created_at` timestamp NULL DEFAULT NULL
) ENGINE=InnoDB DEFAULT CHARSET=utf8mb4 COLLATE=utf8mb4_unicode_ci;

-- --------------------------------------------------------

--
-- Table structure for table `salary_months`
--

CREATE TABLE `salary_months` (
  `id` int(10) UNSIGNED NOT NULL,
  `year` year(4) NOT NULL,
  `month` int(11) NOT NULL,
  `start_date` date NOT NULL,
  `end_date` date NOT NULL,
  `budget_allowance` decimal(10,2) NOT NULL,
  `created_at` timestamp NULL DEFAULT NULL,
  `updated_at` timestamp NULL DEFAULT NULL
) ENGINE=InnoDB DEFAULT CHARSET=utf8mb4 COLLATE=utf8mb4_unicode_ci;

--
-- Dumping data for table `salary_months`
--

INSERT INTO `salary_months` (`id`, `year`, `month`, `start_date`, `end_date`, `budget_allowance`, `created_at`, `updated_at`) VALUES
(28, 2018, 1, '2018-01-01', '2018-01-31', '3500.00', '2018-02-12 22:53:21', '2018-02-12 22:53:21'),
(29, 2018, 3, '2018-03-01', '2018-03-31', '3500.00', '2018-03-04 22:25:23', '2018-03-04 22:25:23'),
(30, 2018, 2, '2018-02-01', '2018-02-28', '3500.00', '2018-03-12 03:38:05', '2018-03-12 03:38:05');

-- --------------------------------------------------------

--
-- Table structure for table `service_center_commisions`
--

CREATE TABLE `service_center_commisions` (
  `id` int(10) UNSIGNED NOT NULL,
  `commition_percentage` decimal(10,2) NOT NULL DEFAULT '0.00',
  `commition_value` decimal(10,2) NOT NULL DEFAULT '0.00',
  `sale_amount` decimal(10,2) NOT NULL DEFAULT '0.00',
  `salary_month_id` int(11) NOT NULL DEFAULT '0',
  `job_no` varchar(255) COLLATE utf8mb4_unicode_ci DEFAULT NULL,
  `created_at` timestamp NULL DEFAULT NULL,
  `updated_at` timestamp NULL DEFAULT NULL
) ENGINE=InnoDB DEFAULT CHARSET=utf8mb4 COLLATE=utf8mb4_unicode_ci;

--
-- Dumping data for table `service_center_commisions`
--

INSERT INTO `service_center_commisions` (`id`, `commition_percentage`, `commition_value`, `sale_amount`, `salary_month_id`, `job_no`, `created_at`, `updated_at`) VALUES
(4, '70.00', '49000.00', '70000.00', 28, '8787', '2018-03-12 08:52:06', '2018-03-12 10:42:32');

-- --------------------------------------------------------

--
-- Table structure for table `service_center_commision_items`
--

CREATE TABLE `service_center_commision_items` (
  `id` int(10) UNSIGNED NOT NULL,
  `service_center_commision_id` int(11) NOT NULL DEFAULT '0',
  `commition_percentage` decimal(10,2) NOT NULL DEFAULT '0.00',
  `commision_value` decimal(10,2) NOT NULL DEFAULT '0.00',
  `employee_id` int(11) NOT NULL DEFAULT '0',
  `created_at` timestamp NULL DEFAULT NULL,
  `updated_at` timestamp NULL DEFAULT NULL
) ENGINE=InnoDB DEFAULT CHARSET=utf8mb4 COLLATE=utf8mb4_unicode_ci;

--
-- Dumping data for table `service_center_commision_items`
--

INSERT INTO `service_center_commision_items` (`id`, `service_center_commision_id`, `commition_percentage`, `commision_value`, `employee_id`, `created_at`, `updated_at`) VALUES
(14, 4, '45.00', '22050.00', 3, '2018-03-12 10:42:32', NULL),
(15, 4, '10.00', '4900.00', 4, '2018-03-12 10:42:32', NULL),
(16, 4, '45.00', '22050.00', 5, '2018-03-12 10:42:32', NULL);

-- --------------------------------------------------------

--
-- Table structure for table `slips`
--

CREATE TABLE `slips` (
  `id` int(10) UNSIGNED NOT NULL,
  `employee_id` int(11) NOT NULL,
  `salary_month_id` int(11) NOT NULL,
  `employee_salary_type` int(11) NOT NULL,
  `ot_availability` int(11) NOT NULL,
  `epf_availability` int(11) NOT NULL,
  `is_paid` int(11) NOT NULL DEFAULT '0',
  `basic_salary` decimal(10,2) NOT NULL,
  `work_start_time` time NOT NULL,
  `work_off_time` time NOT NULL,
  `date_paid` date NOT NULL,
  `monthly_salary` decimal(10,2) NOT NULL,
  `per_day_salary` decimal(10,2) NOT NULL,
  `ot_rate` decimal(10,2) NOT NULL,
  `attendance_incentive` decimal(10,2) NOT NULL,
  `allowance_per_day` decimal(10,2) NOT NULL,
  `welfare` decimal(10,2) NOT NULL,
  `created_at` timestamp NULL DEFAULT NULL,
  `updated_at` timestamp NULL DEFAULT NULL
) ENGINE=InnoDB DEFAULT CHARSET=utf8mb4 COLLATE=utf8mb4_unicode_ci;

--
-- Dumping data for table `slips`
--

INSERT INTO `slips` (`id`, `employee_id`, `salary_month_id`, `employee_salary_type`, `ot_availability`, `epf_availability`, `is_paid`, `basic_salary`, `work_start_time`, `work_off_time`, `date_paid`, `monthly_salary`, `per_day_salary`, `ot_rate`, `attendance_incentive`, `allowance_per_day`, `welfare`, `created_at`, `updated_at`) VALUES
(1, 1, 28, 1, 1, 1, 1, '25000.00', '07:00:00', '18:00:00', '2018-03-12', '70000.00', '1100.00', '85.00', '1500.00', '225.00', '700.00', NULL, NULL),
(2, 2, 28, 1, 1, 1, 0, '4000.00', '17:00:00', '07:00:00', '2018-03-12', '0.00', '1200.00', '45.00', '554.00', '56.00', '546.00', NULL, NULL),
(3, 3, 28, 0, 1, 1, 1, '2000.00', '08:00:00', '17:30:00', '2018-03-11', '0.00', '1300.00', '56.00', '1000.00', '100.00', '45.00', NULL, NULL);

-- --------------------------------------------------------

--
-- Table structure for table `slip_features`
--

CREATE TABLE `slip_features` (
  `id` int(10) UNSIGNED NOT NULL,
  `description` varchar(191) COLLATE utf8mb4_unicode_ci NOT NULL DEFAULT '',
  `salary_month_id` int(11) NOT NULL DEFAULT '0',
  `employee_id` int(11) NOT NULL DEFAULT '0',
  `feature_type` int(11) NOT NULL DEFAULT '0' COMMENT '1 = allowance 2 =deduction',
  `amount` decimal(10,2) NOT NULL DEFAULT '0.00',
  `created_at` timestamp NULL DEFAULT NULL,
  `updated_at` timestamp NULL DEFAULT NULL
) ENGINE=InnoDB DEFAULT CHARSET=utf8mb4 COLLATE=utf8mb4_unicode_ci;

--
-- Dumping data for table `slip_features`
--

INSERT INTO `slip_features` (`id`, `description`, `salary_month_id`, `employee_id`, `feature_type`, `amount`, `created_at`, `updated_at`) VALUES
(3, 'Meal Allowance', 28, 1, 1, '10000.00', '2018-02-24 22:43:00', '2018-02-24 22:43:00'),
(4, 'Perfomance', 28, 1, 1, '4000.00', '2018-02-24 22:43:18', '2018-02-24 22:43:18'),
(5, 'Late', 28, 1, 2, '200.00', '2018-02-24 22:43:38', '2018-02-24 22:43:38'),
(6, 'Tea', 28, 1, 2, '300.00', '2018-02-24 22:43:58', '2018-02-24 22:43:58');

-- --------------------------------------------------------

--
-- Table structure for table `users`
--

CREATE TABLE `users` (
  `id` int(10) UNSIGNED NOT NULL,
  `name` varchar(191) COLLATE utf8mb4_unicode_ci NOT NULL,
  `user_type` varchar(191) COLLATE utf8mb4_unicode_ci NOT NULL,
  `email` varchar(191) COLLATE utf8mb4_unicode_ci NOT NULL,
  `password` varchar(191) COLLATE utf8mb4_unicode_ci NOT NULL,
  `remember_token` varchar(100) COLLATE utf8mb4_unicode_ci DEFAULT NULL,
  `created_at` timestamp NULL DEFAULT NULL,
  `updated_at` timestamp NULL DEFAULT NULL
) ENGINE=InnoDB DEFAULT CHARSET=utf8mb4 COLLATE=utf8mb4_unicode_ci;

--
-- Dumping data for table `users`
--

INSERT INTO `users` (`id`, `name`, `user_type`, `email`, `password`, `remember_token`, `created_at`, `updated_at`) VALUES
(1, 'KVK', 'Admin', 'kvkmotor@gmail.com', '$2y$10$qWHg5nHJ06GD.6qhKRpQNOrCNFitBwqJNvY5Co2UVXQslLvoiMrQy', 'orxq0LUvjgIFN6s7jsw8UQpYEleZMHbidC2LTjfPL1xS9vGupdrv5sOJC2D1', '2018-02-25 22:16:21', '2018-02-25 22:16:21'),
(2, 'KVK Account', 'Accountant', 'kasunsamanpriya93@gmail.com', '$2y$10$FTq9YJ490E8awbEx6SJnX.0wqkOSvtAeBBWNmKuIvXtf650FNRIO.', '8vJ6NemKMi2EGc8NDx8AvehBEXNuH7A1YT8Ogk6SieV2KaASPFBk7O9GT3hF', '2018-02-25 22:17:20', '2018-02-25 22:17:20'),
(3, 'KVK office', 'Office Staff', 'kvkmotors@gmail.com', '$2y$10$bDCCHvu1wsTbn/td/JHBJe4MN44j5QBDXhgLFEKmMcjOaDW83YnJi', 'Abl73khV0VZJmCjLFQfc8wAnRQvh21n3ScqRHVqqbXZlVtqAk48eaFI4ge9m', '2018-02-25 22:17:47', '2018-02-25 22:17:47');

-- --------------------------------------------------------

--
-- Table structure for table `welfare_accounts`
--

CREATE TABLE `welfare_accounts` (
  `id` int(10) UNSIGNED NOT NULL,
  `description` text COLLATE utf8mb4_unicode_ci NOT NULL,
  `type` int(11) NOT NULL DEFAULT '0' COMMENT '1 = credit 2 =debit',
  `salary_month_id` int(11) NOT NULL DEFAULT '0',
  `employee_id` int(11) NOT NULL DEFAULT '0',
  `status` int(11) NOT NULL DEFAULT '0' COMMENT '1 = cannot delete 0=can delete',
  `date` date NOT NULL,
  `amount` decimal(10,2) NOT NULL DEFAULT '0.00',
  `created_at` timestamp NULL DEFAULT NULL,
  `updated_at` timestamp NULL DEFAULT NULL
) ENGINE=InnoDB DEFAULT CHARSET=utf8mb4 COLLATE=utf8mb4_unicode_ci;

--
-- Dumping data for table `welfare_accounts`
--

INSERT INTO `welfare_accounts` (`id`, `description`, `type`, `salary_month_id`, `employee_id`, `status`, `date`, `amount`, `created_at`, `updated_at`) VALUES
(3, 'welfare payment from hashini prashangika', 1, 28, 1, 1, '2018-02-25', '700.00', '2018-02-25 12:08:39', '2018-02-25 12:08:39'),
(4, 'welfare loan cghgfj', 2, 0, 3, 1, '2018-02-25', '50000.00', '2018-02-25 12:15:07', '2018-02-25 12:15:07'),
(7, 'welfare payment from cghgfj', 1, 28, 3, 1, '2018-02-25', '45.00', '2018-02-25 12:27:26', '2018-02-25 12:27:26');

-- --------------------------------------------------------

--
-- Table structure for table `working_days`
--

CREATE TABLE `working_days` (
  `id` int(10) UNSIGNED NOT NULL,
  `salary_id` int(11) NOT NULL,
  `date` date NOT NULL,
  `created_at` timestamp NULL DEFAULT NULL,
  `updated_at` timestamp NULL DEFAULT NULL
) ENGINE=InnoDB DEFAULT CHARSET=utf8mb4 COLLATE=utf8mb4_unicode_ci;

--
-- Dumping data for table `working_days`
--

INSERT INTO `working_days` (`id`, `salary_id`, `date`, `created_at`, `updated_at`) VALUES
(1, 28, '2018-01-01', '2018-02-12 22:53:21', '2018-02-12 22:53:21'),
(2, 28, '2018-01-02', '2018-02-12 22:53:21', '2018-02-12 22:53:21'),
(3, 28, '2018-01-03', '2018-02-12 22:53:21', '2018-02-12 22:53:21'),
(4, 28, '2018-01-04', '2018-02-12 22:53:21', '2018-02-12 22:53:21'),
(5, 28, '2018-01-05', '2018-02-12 22:53:22', '2018-02-12 22:53:22'),
(6, 28, '2018-01-06', '2018-02-12 22:53:22', '2018-02-12 22:53:22'),
(7, 28, '2018-01-07', '2018-02-12 22:53:22', '2018-02-12 22:53:22'),
(8, 28, '2018-01-08', '2018-02-12 22:53:22', '2018-02-12 22:53:22'),
(9, 28, '2018-01-09', '2018-02-12 22:53:22', '2018-02-12 22:53:22'),
(10, 28, '2018-01-10', '2018-02-12 22:53:22', '2018-02-12 22:53:22'),
(11, 28, '2018-01-11', '2018-02-12 22:53:22', '2018-02-12 22:53:22'),
(12, 28, '2018-01-12', '2018-02-12 22:53:22', '2018-02-12 22:53:22'),
(13, 28, '2018-01-13', '2018-02-12 22:53:22', '2018-02-12 22:53:22'),
(14, 28, '2018-01-14', '2018-02-12 22:53:22', '2018-02-12 22:53:22'),
(15, 28, '2018-01-15', '2018-02-12 22:53:22', '2018-02-12 22:53:22'),
(16, 28, '2018-01-16', '2018-02-12 22:53:22', '2018-02-12 22:53:22'),
(17, 28, '2018-01-17', '2018-02-12 22:53:22', '2018-02-12 22:53:22'),
(18, 28, '2018-01-18', '2018-02-12 22:53:22', '2018-02-12 22:53:22'),
(19, 28, '2018-01-19', '2018-02-12 22:53:22', '2018-02-12 22:53:22'),
(20, 28, '2018-01-20', '2018-02-12 22:53:22', '2018-02-12 22:53:22'),
(21, 28, '2018-01-21', '2018-02-12 22:53:22', '2018-02-12 22:53:22'),
(22, 28, '2018-01-22', '2018-02-12 22:53:22', '2018-02-12 22:53:22'),
(23, 28, '2018-01-23', '2018-02-12 22:53:22', '2018-02-12 22:53:22'),
(24, 28, '2018-01-24', '2018-02-12 22:53:22', '2018-02-12 22:53:22'),
(25, 28, '2018-01-25', '2018-02-12 22:53:22', '2018-02-12 22:53:22'),
(26, 28, '2018-01-26', '2018-02-12 22:53:22', '2018-02-12 22:53:22'),
(27, 28, '2018-01-27', '2018-02-12 22:53:23', '2018-02-12 22:53:23'),
(28, 28, '2018-01-28', '2018-02-12 22:53:23', '2018-02-12 22:53:23'),
(29, 28, '2018-01-29', '2018-02-12 22:53:23', '2018-02-12 22:53:23'),
(30, 28, '2018-01-30', '2018-02-12 22:53:23', '2018-02-12 22:53:23'),
(31, 28, '2018-01-31', '2018-02-12 22:53:23', '2018-02-12 22:53:23'),
(32, 29, '2018-02-01', '2018-02-23 01:57:37', '2018-02-23 01:57:37'),
(33, 29, '2018-02-02', '2018-02-23 01:57:37', '2018-02-23 01:57:37'),
(34, 29, '2018-02-03', '2018-02-23 01:57:37', '2018-02-23 01:57:37'),
(35, 29, '2018-02-04', '2018-02-23 01:57:37', '2018-02-23 01:57:37'),
(36, 29, '2018-02-05', '2018-02-23 01:57:37', '2018-02-23 01:57:37'),
(37, 29, '2018-02-06', '2018-02-23 01:57:37', '2018-02-23 01:57:37'),
(38, 29, '2018-02-07', '2018-02-23 01:57:37', '2018-02-23 01:57:37'),
(39, 29, '2018-02-08', '2018-02-23 01:57:37', '2018-02-23 01:57:37'),
(40, 29, '2018-02-09', '2018-02-23 01:57:38', '2018-02-23 01:57:38'),
(41, 29, '2018-02-10', '2018-02-23 01:57:38', '2018-02-23 01:57:38'),
(42, 29, '2018-02-11', '2018-02-23 01:57:38', '2018-02-23 01:57:38'),
(43, 29, '2018-02-12', '2018-02-23 01:57:38', '2018-02-23 01:57:38'),
(44, 29, '2018-02-13', '2018-02-23 01:57:38', '2018-02-23 01:57:38'),
(45, 29, '2018-02-14', '2018-02-23 01:57:38', '2018-02-23 01:57:38'),
(46, 29, '2018-02-15', '2018-02-23 01:57:38', '2018-02-23 01:57:38'),
(47, 29, '2018-02-16', '2018-02-23 01:57:38', '2018-02-23 01:57:38'),
(48, 29, '2018-02-17', '2018-02-23 01:57:38', '2018-02-23 01:57:38'),
(49, 29, '2018-02-18', '2018-02-23 01:57:38', '2018-02-23 01:57:38'),
(50, 29, '2018-02-19', '2018-02-23 01:57:38', '2018-02-23 01:57:38'),
(51, 29, '2018-02-20', '2018-02-23 01:57:38', '2018-02-23 01:57:38'),
(52, 29, '2018-02-21', '2018-02-23 01:57:38', '2018-02-23 01:57:38'),
(53, 29, '2018-02-22', '2018-02-23 01:57:38', '2018-02-23 01:57:38'),
(54, 29, '2018-02-23', '2018-02-23 01:57:38', '2018-02-23 01:57:38'),
(55, 29, '2018-02-24', '2018-02-23 01:57:38', '2018-02-23 01:57:38'),
(56, 29, '2018-02-25', '2018-02-23 01:57:38', '2018-02-23 01:57:38'),
(57, 29, '2018-02-26', '2018-02-23 01:57:38', '2018-02-23 01:57:38'),
(58, 29, '2018-02-27', '2018-02-23 01:57:39', '2018-02-23 01:57:39'),
(59, 29, '2018-02-28', '2018-02-23 01:57:39', '2018-02-23 01:57:39'),
(60, 30, '2017-12-01', '2018-02-23 02:37:07', '2018-02-23 02:37:07'),
(61, 30, '2017-12-02', '2018-02-23 02:37:07', '2018-02-23 02:37:07'),
(62, 30, '2017-12-03', '2018-02-23 02:37:08', '2018-02-23 02:37:08'),
(63, 30, '2017-12-04', '2018-02-23 02:37:08', '2018-02-23 02:37:08'),
(64, 30, '2017-12-05', '2018-02-23 02:37:08', '2018-02-23 02:37:08'),
(65, 30, '2017-12-06', '2018-02-23 02:37:08', '2018-02-23 02:37:08'),
(66, 30, '2017-12-07', '2018-02-23 02:37:08', '2018-02-23 02:37:08'),
(67, 30, '2017-12-08', '2018-02-23 02:37:08', '2018-02-23 02:37:08'),
(68, 30, '2017-12-09', '2018-02-23 02:37:08', '2018-02-23 02:37:08'),
(69, 30, '2017-12-10', '2018-02-23 02:37:08', '2018-02-23 02:37:08'),
(70, 30, '2017-12-11', '2018-02-23 02:37:08', '2018-02-23 02:37:08'),
(71, 30, '2017-12-12', '2018-02-23 02:37:08', '2018-02-23 02:37:08'),
(72, 30, '2017-12-13', '2018-02-23 02:37:08', '2018-02-23 02:37:08'),
(73, 30, '2017-12-14', '2018-02-23 02:37:08', '2018-02-23 02:37:08'),
(74, 30, '2017-12-15', '2018-02-23 02:37:08', '2018-02-23 02:37:08'),
(75, 30, '2017-12-16', '2018-02-23 02:37:08', '2018-02-23 02:37:08'),
(76, 30, '2017-12-17', '2018-02-23 02:37:08', '2018-02-23 02:37:08'),
(77, 30, '2017-12-18', '2018-02-23 02:37:08', '2018-02-23 02:37:08'),
(78, 30, '2017-12-19', '2018-02-23 02:37:08', '2018-02-23 02:37:08'),
(79, 30, '2017-12-20', '2018-02-23 02:37:08', '2018-02-23 02:37:08'),
(80, 30, '2017-12-21', '2018-02-23 02:37:08', '2018-02-23 02:37:08'),
(81, 30, '2017-12-22', '2018-02-23 02:37:08', '2018-02-23 02:37:08'),
(82, 30, '2017-12-23', '2018-02-23 02:37:08', '2018-02-23 02:37:08'),
(83, 30, '2017-12-24', '2018-02-23 02:37:08', '2018-02-23 02:37:08'),
(84, 30, '2017-12-25', '2018-02-23 02:37:08', '2018-02-23 02:37:08'),
(85, 30, '2017-12-26', '2018-02-23 02:37:08', '2018-02-23 02:37:08'),
(86, 30, '2017-12-27', '2018-02-23 02:37:08', '2018-02-23 02:37:08'),
(87, 30, '2017-12-28', '2018-02-23 02:37:08', '2018-02-23 02:37:08'),
(88, 30, '2017-12-29', '2018-02-23 02:37:08', '2018-02-23 02:37:08'),
(89, 30, '2017-12-30', '2018-02-23 02:37:08', '2018-02-23 02:37:08'),
(90, 30, '2017-12-31', '2018-02-23 02:37:09', '2018-02-23 02:37:09'),
(91, 31, '2018-02-01', '2018-02-27 02:28:28', '2018-02-27 02:28:28'),
(92, 31, '2018-02-02', '2018-02-27 02:28:28', '2018-02-27 02:28:28'),
(93, 31, '2018-02-03', '2018-02-27 02:28:28', '2018-02-27 02:28:28'),
(94, 31, '2018-02-04', '2018-02-27 02:28:28', '2018-02-27 02:28:28'),
(95, 31, '2018-02-05', '2018-02-27 02:28:28', '2018-02-27 02:28:28'),
(96, 31, '2018-02-06', '2018-02-27 02:28:28', '2018-02-27 02:28:28'),
(97, 31, '2018-02-07', '2018-02-27 02:28:28', '2018-02-27 02:28:28'),
(98, 31, '2018-02-08', '2018-02-27 02:28:28', '2018-02-27 02:28:28'),
(99, 31, '2018-02-09', '2018-02-27 02:28:28', '2018-02-27 02:28:28'),
(100, 31, '2018-02-10', '2018-02-27 02:28:28', '2018-02-27 02:28:28'),
(101, 31, '2018-02-11', '2018-02-27 02:28:28', '2018-02-27 02:28:28'),
(102, 31, '2018-02-12', '2018-02-27 02:28:28', '2018-02-27 02:28:28'),
(103, 31, '2018-02-13', '2018-02-27 02:28:28', '2018-02-27 02:28:28'),
(104, 31, '2018-02-14', '2018-02-27 02:28:29', '2018-02-27 02:28:29'),
(105, 31, '2018-02-15', '2018-02-27 02:28:29', '2018-02-27 02:28:29'),
(106, 31, '2018-02-16', '2018-02-27 02:28:29', '2018-02-27 02:28:29'),
(107, 31, '2018-02-17', '2018-02-27 02:28:29', '2018-02-27 02:28:29'),
(108, 31, '2018-02-18', '2018-02-27 02:28:29', '2018-02-27 02:28:29'),
(109, 31, '2018-02-19', '2018-02-27 02:28:29', '2018-02-27 02:28:29'),
(110, 31, '2018-02-20', '2018-02-27 02:28:29', '2018-02-27 02:28:29'),
(111, 31, '2018-02-21', '2018-02-27 02:28:29', '2018-02-27 02:28:29'),
(112, 31, '2018-02-22', '2018-02-27 02:28:29', '2018-02-27 02:28:29'),
(113, 31, '2018-02-23', '2018-02-27 02:28:29', '2018-02-27 02:28:29'),
(114, 31, '2018-02-24', '2018-02-27 02:28:29', '2018-02-27 02:28:29'),
(115, 31, '2018-02-25', '2018-02-27 02:28:29', '2018-02-27 02:28:29'),
(116, 31, '2018-02-26', '2018-02-27 02:28:29', '2018-02-27 02:28:29'),
(117, 31, '2018-02-27', '2018-02-27 02:28:30', '2018-02-27 02:28:30'),
(118, 31, '2018-02-28', '2018-02-27 02:28:30', '2018-02-27 02:28:30'),
(119, 29, '2018-03-01', '2018-03-04 22:25:23', '2018-03-04 22:25:23'),
(120, 29, '2018-03-02', '2018-03-04 22:25:23', '2018-03-04 22:25:23'),
(121, 29, '2018-03-03', '2018-03-04 22:25:23', '2018-03-04 22:25:23'),
(122, 29, '2018-03-04', '2018-03-04 22:25:23', '2018-03-04 22:25:23'),
(123, 29, '2018-03-05', '2018-03-04 22:25:23', '2018-03-04 22:25:23'),
(124, 29, '2018-03-06', '2018-03-04 22:25:23', '2018-03-04 22:25:23'),
(125, 29, '2018-03-07', '2018-03-04 22:25:23', '2018-03-04 22:25:23'),
(126, 29, '2018-03-08', '2018-03-04 22:25:23', '2018-03-04 22:25:23'),
(127, 29, '2018-03-09', '2018-03-04 22:25:23', '2018-03-04 22:25:23'),
(128, 29, '2018-03-10', '2018-03-04 22:25:23', '2018-03-04 22:25:23'),
(129, 29, '2018-03-11', '2018-03-04 22:25:23', '2018-03-04 22:25:23'),
(130, 29, '2018-03-12', '2018-03-04 22:25:23', '2018-03-04 22:25:23'),
(131, 29, '2018-03-13', '2018-03-04 22:25:23', '2018-03-04 22:25:23'),
(132, 29, '2018-03-14', '2018-03-04 22:25:23', '2018-03-04 22:25:23'),
(133, 29, '2018-03-15', '2018-03-04 22:25:23', '2018-03-04 22:25:23'),
(134, 29, '2018-03-16', '2018-03-04 22:25:23', '2018-03-04 22:25:23'),
(135, 29, '2018-03-17', '2018-03-04 22:25:23', '2018-03-04 22:25:23'),
(136, 29, '2018-03-18', '2018-03-04 22:25:23', '2018-03-04 22:25:23'),
(137, 29, '2018-03-19', '2018-03-04 22:25:23', '2018-03-04 22:25:23'),
(138, 29, '2018-03-20', '2018-03-04 22:25:23', '2018-03-04 22:25:23'),
(139, 29, '2018-03-21', '2018-03-04 22:25:23', '2018-03-04 22:25:23'),
(140, 29, '2018-03-22', '2018-03-04 22:25:23', '2018-03-04 22:25:23'),
(141, 29, '2018-03-23', '2018-03-04 22:25:23', '2018-03-04 22:25:23'),
(142, 29, '2018-03-24', '2018-03-04 22:25:24', '2018-03-04 22:25:24'),
(143, 29, '2018-03-25', '2018-03-04 22:25:24', '2018-03-04 22:25:24'),
(144, 29, '2018-03-26', '2018-03-04 22:25:24', '2018-03-04 22:25:24'),
(145, 29, '2018-03-27', '2018-03-04 22:25:24', '2018-03-04 22:25:24'),
(146, 29, '2018-03-28', '2018-03-04 22:25:24', '2018-03-04 22:25:24'),
(147, 29, '2018-03-29', '2018-03-04 22:25:24', '2018-03-04 22:25:24'),
(148, 29, '2018-03-30', '2018-03-04 22:25:24', '2018-03-04 22:25:24'),
(149, 29, '2018-03-31', '2018-03-04 22:25:24', '2018-03-04 22:25:24'),
(150, 30, '2018-02-01', '2018-03-12 03:38:05', '2018-03-12 03:38:05'),
(151, 30, '2018-02-02', '2018-03-12 03:38:05', '2018-03-12 03:38:05'),
(152, 30, '2018-02-03', '2018-03-12 03:38:05', '2018-03-12 03:38:05'),
(153, 30, '2018-02-04', '2018-03-12 03:38:05', '2018-03-12 03:38:05'),
(154, 30, '2018-02-05', '2018-03-12 03:38:05', '2018-03-12 03:38:05'),
(155, 30, '2018-02-06', '2018-03-12 03:38:05', '2018-03-12 03:38:05'),
(156, 30, '2018-02-07', '2018-03-12 03:38:05', '2018-03-12 03:38:05'),
(157, 30, '2018-02-08', '2018-03-12 03:38:05', '2018-03-12 03:38:05'),
(158, 30, '2018-02-09', '2018-03-12 03:38:05', '2018-03-12 03:38:05'),
(159, 30, '2018-02-10', '2018-03-12 03:38:05', '2018-03-12 03:38:05'),
(160, 30, '2018-02-11', '2018-03-12 03:38:05', '2018-03-12 03:38:05'),
(161, 30, '2018-02-12', '2018-03-12 03:38:05', '2018-03-12 03:38:05'),
(162, 30, '2018-02-13', '2018-03-12 03:38:05', '2018-03-12 03:38:05'),
(163, 30, '2018-02-14', '2018-03-12 03:38:05', '2018-03-12 03:38:05'),
(164, 30, '2018-02-15', '2018-03-12 03:38:05', '2018-03-12 03:38:05'),
(165, 30, '2018-02-16', '2018-03-12 03:38:05', '2018-03-12 03:38:05'),
(166, 30, '2018-02-17', '2018-03-12 03:38:05', '2018-03-12 03:38:05'),
(167, 30, '2018-02-18', '2018-03-12 03:38:05', '2018-03-12 03:38:05'),
(168, 30, '2018-02-19', '2018-03-12 03:38:05', '2018-03-12 03:38:05'),
(169, 30, '2018-02-20', '2018-03-12 03:38:05', '2018-03-12 03:38:05'),
(170, 30, '2018-02-21', '2018-03-12 03:38:06', '2018-03-12 03:38:06'),
(171, 30, '2018-02-22', '2018-03-12 03:38:06', '2018-03-12 03:38:06'),
(172, 30, '2018-02-23', '2018-03-12 03:38:06', '2018-03-12 03:38:06'),
(173, 30, '2018-02-24', '2018-03-12 03:38:06', '2018-03-12 03:38:06'),
(174, 30, '2018-02-25', '2018-03-12 03:38:06', '2018-03-12 03:38:06'),
(175, 30, '2018-02-26', '2018-03-12 03:38:06', '2018-03-12 03:38:06'),
(176, 30, '2018-02-27', '2018-03-12 03:38:06', '2018-03-12 03:38:06'),
(177, 30, '2018-02-28', '2018-03-12 03:38:06', '2018-03-12 03:38:06');

--
-- Indexes for dumped tables
--

--
-- Indexes for table `advances`
--
ALTER TABLE `advances`
  ADD PRIMARY KEY (`id`);

--
-- Indexes for table `attendances`
--
ALTER TABLE `attendances`
  ADD PRIMARY KEY (`id`);

--
-- Indexes for table `categories`
--
ALTER TABLE `categories`
  ADD PRIMARY KEY (`id`);

--
-- Indexes for table `commisions`
--
ALTER TABLE `commisions`
  ADD PRIMARY KEY (`id`);

--
-- Indexes for table `commision_categories`
--
ALTER TABLE `commision_categories`
  ADD PRIMARY KEY (`id`);

--
-- Indexes for table `commision_category_items`
--
ALTER TABLE `commision_category_items`
  ADD PRIMARY KEY (`id`);

--
-- Indexes for table `commision_items`
--
ALTER TABLE `commision_items`
  ADD PRIMARY KEY (`id`);

--
-- Indexes for table `designations`
--
ALTER TABLE `designations`
  ADD PRIMARY KEY (`id`);

--
-- Indexes for table `employees`
--
ALTER TABLE `employees`
  ADD PRIMARY KEY (`id`);

--
-- Indexes for table `employee_images`
--
ALTER TABLE `employee_images`
  ADD PRIMARY KEY (`id`);

--
-- Indexes for table `holidays`
--
ALTER TABLE `holidays`
  ADD PRIMARY KEY (`id`);

--
-- Indexes for table `holiday_types`
--
ALTER TABLE `holiday_types`
  ADD PRIMARY KEY (`id`);

--
-- Indexes for table `leaves`
--
ALTER TABLE `leaves`
  ADD PRIMARY KEY (`id`);

--
-- Indexes for table `leave_types`
--
ALTER TABLE `leave_types`
  ADD PRIMARY KEY (`id`);

--
-- Indexes for table `loans`
--
ALTER TABLE `loans`
  ADD PRIMARY KEY (`id`);

--
-- Indexes for table `loan_accounts`
--
ALTER TABLE `loan_accounts`
  ADD PRIMARY KEY (`id`);

--
-- Indexes for table `loan_payments`
--
ALTER TABLE `loan_payments`
  ADD PRIMARY KEY (`id`);

--
-- Indexes for table `loan_types`
--
ALTER TABLE `loan_types`
  ADD PRIMARY KEY (`id`);

--
-- Indexes for table `migrations`
--
ALTER TABLE `migrations`
  ADD PRIMARY KEY (`id`);

--
-- Indexes for table `password_resets`
--
ALTER TABLE `password_resets`
  ADD KEY `password_resets_email_index` (`email`);

--
-- Indexes for table `salary_months`
--
ALTER TABLE `salary_months`
  ADD PRIMARY KEY (`id`);

--
-- Indexes for table `service_center_commisions`
--
ALTER TABLE `service_center_commisions`
  ADD PRIMARY KEY (`id`);

--
-- Indexes for table `service_center_commision_items`
--
ALTER TABLE `service_center_commision_items`
  ADD PRIMARY KEY (`id`);

--
-- Indexes for table `slips`
--
ALTER TABLE `slips`
  ADD PRIMARY KEY (`id`);

--
-- Indexes for table `slip_features`
--
ALTER TABLE `slip_features`
  ADD PRIMARY KEY (`id`);

--
-- Indexes for table `users`
--
ALTER TABLE `users`
  ADD PRIMARY KEY (`id`),
  ADD UNIQUE KEY `users_email_unique` (`email`);

--
-- Indexes for table `welfare_accounts`
--
ALTER TABLE `welfare_accounts`
  ADD PRIMARY KEY (`id`);

--
-- Indexes for table `working_days`
--
ALTER TABLE `working_days`
  ADD PRIMARY KEY (`id`);

--
-- AUTO_INCREMENT for dumped tables
--

--
-- AUTO_INCREMENT for table `advances`
--
ALTER TABLE `advances`
  MODIFY `id` int(10) UNSIGNED NOT NULL AUTO_INCREMENT, AUTO_INCREMENT=9;

--
-- AUTO_INCREMENT for table `attendances`
--
ALTER TABLE `attendances`
  MODIFY `id` int(10) UNSIGNED NOT NULL AUTO_INCREMENT, AUTO_INCREMENT=419;

--
-- AUTO_INCREMENT for table `categories`
--
ALTER TABLE `categories`
  MODIFY `id` int(10) UNSIGNED NOT NULL AUTO_INCREMENT, AUTO_INCREMENT=4;

--
-- AUTO_INCREMENT for table `commisions`
--
ALTER TABLE `commisions`
  MODIFY `id` int(10) UNSIGNED NOT NULL AUTO_INCREMENT;

--
-- AUTO_INCREMENT for table `commision_categories`
--
ALTER TABLE `commision_categories`
  MODIFY `id` int(10) UNSIGNED NOT NULL AUTO_INCREMENT;

--
-- AUTO_INCREMENT for table `commision_category_items`
--
ALTER TABLE `commision_category_items`
  MODIFY `id` int(10) UNSIGNED NOT NULL AUTO_INCREMENT;

--
-- AUTO_INCREMENT for table `commision_items`
--
ALTER TABLE `commision_items`
  MODIFY `id` int(10) UNSIGNED NOT NULL AUTO_INCREMENT;

--
-- AUTO_INCREMENT for table `designations`
--
ALTER TABLE `designations`
  MODIFY `id` int(10) UNSIGNED NOT NULL AUTO_INCREMENT, AUTO_INCREMENT=8;

--
-- AUTO_INCREMENT for table `employees`
--
ALTER TABLE `employees`
  MODIFY `id` int(10) UNSIGNED NOT NULL AUTO_INCREMENT, AUTO_INCREMENT=6;

--
-- AUTO_INCREMENT for table `employee_images`
--
ALTER TABLE `employee_images`
  MODIFY `id` int(10) UNSIGNED NOT NULL AUTO_INCREMENT, AUTO_INCREMENT=3;

--
-- AUTO_INCREMENT for table `holidays`
--
ALTER TABLE `holidays`
  MODIFY `id` int(10) UNSIGNED NOT NULL AUTO_INCREMENT, AUTO_INCREMENT=11;

--
-- AUTO_INCREMENT for table `leaves`
--
ALTER TABLE `leaves`
  MODIFY `id` int(10) UNSIGNED NOT NULL AUTO_INCREMENT, AUTO_INCREMENT=2;

--
-- AUTO_INCREMENT for table `leave_types`
--
ALTER TABLE `leave_types`
  MODIFY `id` int(10) UNSIGNED NOT NULL AUTO_INCREMENT, AUTO_INCREMENT=4;

--
-- AUTO_INCREMENT for table `loans`
--
ALTER TABLE `loans`
  MODIFY `id` int(10) UNSIGNED NOT NULL AUTO_INCREMENT, AUTO_INCREMENT=12;

--
-- AUTO_INCREMENT for table `loan_accounts`
--
ALTER TABLE `loan_accounts`
  MODIFY `id` int(10) UNSIGNED NOT NULL AUTO_INCREMENT, AUTO_INCREMENT=6;

--
-- AUTO_INCREMENT for table `loan_payments`
--
ALTER TABLE `loan_payments`
  MODIFY `id` int(10) UNSIGNED NOT NULL AUTO_INCREMENT, AUTO_INCREMENT=13;

--
-- AUTO_INCREMENT for table `loan_types`
--
ALTER TABLE `loan_types`
  MODIFY `id` int(10) UNSIGNED NOT NULL AUTO_INCREMENT, AUTO_INCREMENT=4;

--
-- AUTO_INCREMENT for table `migrations`
--
ALTER TABLE `migrations`
  MODIFY `id` int(10) UNSIGNED NOT NULL AUTO_INCREMENT, AUTO_INCREMENT=47;

--
-- AUTO_INCREMENT for table `salary_months`
--
ALTER TABLE `salary_months`
  MODIFY `id` int(10) UNSIGNED NOT NULL AUTO_INCREMENT, AUTO_INCREMENT=31;

--
-- AUTO_INCREMENT for table `service_center_commisions`
--
ALTER TABLE `service_center_commisions`
  MODIFY `id` int(10) UNSIGNED NOT NULL AUTO_INCREMENT, AUTO_INCREMENT=5;

--
-- AUTO_INCREMENT for table `service_center_commision_items`
--
ALTER TABLE `service_center_commision_items`
  MODIFY `id` int(10) UNSIGNED NOT NULL AUTO_INCREMENT, AUTO_INCREMENT=17;

--
-- AUTO_INCREMENT for table `slips`
--
ALTER TABLE `slips`
  MODIFY `id` int(10) UNSIGNED NOT NULL AUTO_INCREMENT, AUTO_INCREMENT=4;

--
-- AUTO_INCREMENT for table `slip_features`
--
ALTER TABLE `slip_features`
  MODIFY `id` int(10) UNSIGNED NOT NULL AUTO_INCREMENT, AUTO_INCREMENT=7;

--
-- AUTO_INCREMENT for table `users`
--
ALTER TABLE `users`
  MODIFY `id` int(10) UNSIGNED NOT NULL AUTO_INCREMENT, AUTO_INCREMENT=4;

--
-- AUTO_INCREMENT for table `welfare_accounts`
--
ALTER TABLE `welfare_accounts`
  MODIFY `id` int(10) UNSIGNED NOT NULL AUTO_INCREMENT, AUTO_INCREMENT=8;

--
-- AUTO_INCREMENT for table `working_days`
--
ALTER TABLE `working_days`
  MODIFY `id` int(10) UNSIGNED NOT NULL AUTO_INCREMENT, AUTO_INCREMENT=178;
COMMIT;

/*!40101 SET CHARACTER_SET_CLIENT=@OLD_CHARACTER_SET_CLIENT */;
/*!40101 SET CHARACTER_SET_RESULTS=@OLD_CHARACTER_SET_RESULTS */;
/*!40101 SET COLLATION_CONNECTION=@OLD_COLLATION_CONNECTION */;
